Product Name,Product Price,Product URL,Brand,Ratings,Processor
"Acer Aspire TC-895-UA91 Desktop, 10th Gen Intel Core i3-10100 4-Core Processor, 8GB 2666MHz DDR4, 512GB NVMe M.2 SSD, 8X DVD, 802.11ax Wi-Fi 6, USB 3.2 Type C, Windows 10 Home",426.99,https://www.amazon.com//Acer-TC-895-UA91-i3-10100-Processor-802-11ax/dp/B088X29HF6/ref=sr_1_30?dchild=1&keywords=ASUS+Desktop&qid=1619422978&sr=8-30,Acer,4.6,Core i3
"Acer Aspire C24-963-UA91 AIO Desktop, 23.8"" Full HD Display, 10th Gen Intel Core i3-1005G1, 8GB DDR4, 512GB NVMe M.2 SSD, 802.11ac Wi-Fi 5, Wireless Keyboard and Mouse, Windows 10 Home",579.99,https://www.amazon.com//gp/slredirect/picassoRedirect.html/ref=pa_sp_mtf_aps_sr_pg2_1?ie=UTF8&adId=A09036212QGRDOFCQ3ET&url=%2FAcer-C24-963-UA91-i3-1005G1-802-11ac-Wireless%2Fdp%2FB088HFS3M5%2Fref%3Dsr_1_28_sspa%3Fdchild%3D1%26keywords%3DHP%2BDesktop%26qid%3D1619421462%26sr%3D8-28-spons%26psc%3D1&qualifier=1619421462&id=2160457211640111&widgetName=sp_mtf,Acer,4.5,Core i3
"Acer Aspire TC-885-UA92 Desktop, 9th Gen Intel Core i5-9400, 12GB DDR4, 512GB SSD, 8X DVD, 802.11AC Wifi, USB 3.1 Type C, Windows 10 Home, Black",668,https://www.amazon.com//Acer-TC-885-UA92-Desktop-i5-9400-802-11AC/dp/B07R8WJMW6/ref=sr_1_34?dchild=1&keywords=ASUS+Desktop&qid=1619422978&sr=8-34,Acer,4.5,Intel Core i5
"ASUS AiO All-in-One Desktop PC, 23.8” FHD Anti-Glare Display, AMD Ryzen 3 3250U Processor, 8GB DDR4 RAM, 256GB PCIe SSD, Windows 10 Home, Kensington Lock, V241DA-AB301",519.99,https://www.amazon.com//ASUS-Anti-Glare-Processor-Kensington-V241DA-AB301/dp/B08D946J7H/ref=sr_1_3?dchild=1&keywords=ASUS+Desktop&qid=1619422882&sr=8-3,ASUS,4.6,Ryzen 3 3250U
"ASUS ExpertCenter D500SA Small Form Factor Desktop PC, Intel Core i5-10400, 8GB DDR4 RAM, 256GB PCIe SSD, Wi-Fi 6, TPM, Windows 10 Professional, Black, D500SA-EB501",572.99,https://www.amazon.com//ASUS-ExpertCenter-i5-10400-Professional-D500SA-EB501/dp/B08FLHD7JN/ref=sr_1_4?dchild=1&keywords=ASUS+Desktop&qid=1619422882&sr=8-4,ASUS,4.6,Intel Core i5
"ROG Strix G15CK Gaming Desktop PC, Intel Core i7-10700KF, GeForce RTX 2060 Super, 16GB DDR4 RAM, 512GB SSD, Wi-Fi 6, ROG Strix Flare Keyboard & Gladius II Mouse, Windows 10 Home, G15CK-BS764",2378,https://www.amazon.com//Desktop-i7-10700KF-GeForce-Keyboard-G15CK-BS764/dp/B08D94SWSP/ref=sr_1_5?dchild=1&keywords=ASUS+Desktop&qid=1619422882&sr=8-5,ASUS,4.6,Intel Core i7
"ASUS PB50 Barebone MiniPC with AMD Ryzen 7 3750H and Integrated-Radeon Vega 10 Graphics (HDMI, Dual DisplayPort, 802.11AC WiFi, Bluetooth 4.0, Gigabit LAN, VESA Mount) PB50-BBR009MD",479,https://www.amazon.com//ASUS-Integrated-Radeon-DisplayPort-Bluetooth-PB50-BBR009MD/dp/B081B5QTCY/ref=sr_1_6?dchild=1&keywords=ASUS+Desktop&qid=1619422882&sr=8-6,ASUS,4.6,Ryzen 5 3500U
"ASUS ExpertCenter D500SA Small Form Factor Desktop PC, Intel Core i5-10400, 12GB DDR4 RAM, 512GB PCIe SSD, Wi-Fi 6, TPM, Windows 10 Professional, Black, D500SA-AB501",592.99,https://www.amazon.com//ASUS-ExpertCenter-i5-10400-Professional-D500SA-AB501/dp/B08FMF8GHL/ref=sr_1_1?dchild=1&keywords=ASUS+Desktop&qid=1619422882&sr=8-1,ASUS,4.5,Intel Core i5
"ROG Strix GA15DH Gaming Desktop PC, AMD Ryzen 7 3700X, GeForce GTX 1660 Ti, 16GB DDR4 RAM, 512GB PCIe SSD, Wi-Fi 5, Windows 10 Home, GA15DH-BS762",1749,https://www.amazon.com//GA15DH-Desktop-GeForce-Windows-GA15DH-BS762/dp/B086HNWQ26/ref=sr_1_10?dchild=1&keywords=ASUS+Desktop&qid=1619422882&sr=8-10,ASUS,4.5,Ryzen 7 3700X
"ASUS CHROMEBOX3-N5327U Mini PC with Intel Core i5, 4K UHD Graphics and Power Over Type C Port, Star Gray",589.99,https://www.amazon.com//ASUS-CHROMEBOX3-N5327U-Intel-Graphics-Power/dp/B08HCP4SWN/ref=sr_1_40?dchild=1&keywords=ASUS+Desktop&qid=1619423109&sr=8-40,ASUS,4.4,Core i5
"ASUS Desktop S300, Intel Core i7-10700, 16GB DDR4 RAM, 512GB PCIe SSD, DVD Drive, Windows 10 Home, Wired Keyboard & Mouse Included, Black, S300MA-DH701",899.99,https://www.amazon.com//ASUS-i7-10700-Keyboard-Included-S300MA-DH701/dp/B08KHF58HW/ref=sr_1_2?dchild=1&keywords=ASUS+Desktop&qid=1619422882&sr=8-2,ASUS,4.3,Intel Core i7
Asus PB60G-B5015ZD Desktop Computer - Core i5 i5-8400T - 16 GB RAM - 512 GB SSD - Mini PC - Black - Windows 10 Pro 64-bit - NVIDIA Quadro P620 - Wireless LAN - Bluetooth,879,https://www.amazon.com//Asus-PB60G-B5015ZD-Desktop-Computer-Bluetooth/dp/B07YSKKV6M/ref=sr_1_7?dchild=1&keywords=ASUS+Desktop&qid=1619422882&sr=8-7,ASUS,4.3,Intel Core i5
"ROG Strix GL10DH Gaming Desktop PC, AMD Ryzen 7 3700X, GeForce GTX 1660 Ti, 16GB DDR4 RAM, 512GB SSD, Wi-Fi 5, Windows 10 Home, GL10DH-AH762",1680,https://www.amazon.com//GL10DH-Desktop-GeForce-Windows-GL10DH-AH762/dp/B07X1TZT85/ref=sr_1_11?dchild=1&keywords=ASUS+Desktop&qid=1619422882&sr=8-11,ASUS,4.1,Ryzen 7 3700X
"ASUS Chromebox 4 with Intel Core i3-10110U, 8GB RAM, M.2 128GB SSD Storage, Power/DisplayPort Over Type C, Dual HDMI, Gigabit LAN, WiFi 6, MicroSD Card Reader, VESA Mount, Chrome OS",485.99,https://www.amazon.com//ASUS-Chromebox-i3-10110U-Storage-DisplayPort/dp/B08RHYZ2FD/ref=sr_1_32?dchild=1&keywords=ASUS+Desktop&qid=1619422978&sr=8-32,ASUS,4.1,Core i3-10110U
"ASUS ProArt PA90 Mini PC Workstation with Intel Core i9-9900K, NVIDIA Quadro RTX4000,512GB SSD, 1TB HDD, 32GB RAM, WiFi 6, BT 5.0, Gigabit LAN, Thunderbolt 3, Windows 10 Advanced",3299,https://www.amazon.com//ASUS-Workstation-i9-9900K-Thunderbolt-Advanced/dp/B08GWRDC7V/ref=sr_1_42?dchild=1&keywords=ASUS+Desktop&qid=1619423109&sr=8-42,ASUS,4.1,Core i9
"ASUS PN50 MiniPC Barebone with AMD Ryzen R3-4300U 4 cores Processor with DisplayPort, HDMI, 2 USB-C (DP Alt Mode), WiFi 6 Support",423,https://www.amazon.com//ASUS-Barebone-R3-4300U-Processor-DisplayPort/dp/B08FG7B4T1/ref=sr_1_35?dchild=1&keywords=ASUS+Desktop&qid=1619422978&sr=8-35,ASUS,4,AMD R Series
"ASUS V272UA-DS501T Vivo AiO 27"" All-in-One Touchscreen Desktop, Intel Core i5-8250U, 8GB RAM, 1TB HDD, HD Webcam, 802.11ac, Keyboard and Mouse",1141.22,https://www.amazon.com//ASUS-V272UA-DS501T-Touchscreen-i5-8250U-802-11ac/dp/B07CXZ342C/ref=sr_1_25?dchild=1&keywords=ASUS+Desktop&qid=1619422978&sr=8-25,ASUS,3.5,Core i5
"ASUS PB60 Mini PC with Intel Core i3-8100T and integrated Intel 4K UHD Graphics (500GB HDD, 4GB RAM, HDMI, Dual DP, Wifi, BT 5.0, Gigabit LAN, USB 3.1, VESA Mount, Windows 10 Pro)",449,https://www.amazon.com//PB60-B3094ZD-Intel-i3-8100T-Integrated-Graphics/dp/B07H5C1X57/ref=sr_1_35?dchild=1&keywords=ASUS+Desktop&qid=1619423109&sr=8-35,ASUS,2.9,Intel Core i3
"ASUS PN62S Quad Core Intel Core i5-10210U, 8GB RAM, PCIE 256GB SSD, WiFi 6, 3-in-1 Card Reade, Windows 10 Pro",699,https://www.amazon.com//ASUS-PN62S-Intel-i5-10210U-Windows/dp/B08TGK7PX1/ref=sr_1_8?dchild=1&keywords=ASUS+Desktop&qid=1619422882&sr=8-8,ASUS,,Core i5-10210U
"ASUS Chromebox4 with Intel Core i5-10210U, 8GB RAM, M.2 128GB SSD Storage, Power/DisplayPort Over Type C, Dual HDMI, Gigabit LAN, WiFi 6, MicroSD Card Reader, VESA Mount, Chrome OS",643.99,https://www.amazon.com//ASUS-Chromebox4-i5-10210U-Storage-DisplayPort/dp/B08TGCXLX2/ref=sr_1_9?dchild=1&keywords=ASUS+Desktop&qid=1619422882&sr=8-9,ASUS,,Core i5-10210U
"2021 Newest ASUS ROG Strix G15CE Gaming Desktop Computer, GeForce RTX 3070, Intel 11th 8-Core i7-11700F(Up to 4.9GHz), 16GB 3200MHz DDR4 RAM, 512GB SSD + 1TB HDD, Wi-Fi 6, B560 Motherboard+AllyFlex MP",2499,https://www.amazon.com//ASUS-ROG-G15CE-i7-11700F-Motherboard/dp/B092H9S3K5/ref=sr_1_14?dchild=1&keywords=ASUS+Desktop&qid=1619422882&sr=8-14,ASUS,,Core i7
"ASUS Chromebox4 with Intel Core i7-10510U, 16GB RAM, M.2 PCIE 256GB SSD Storage, Power/DisplayPort Over Type C, Dual HDMI, Gigabit LAN, WiFi 6, MicroSD Card Reader, VESA Mount, Chrome OS",889.99,https://www.amazon.com//ASUS-Chromebox4-i7-10510U-Storage-DisplayPort/dp/B08TGT71MG/ref=sr_1_33?dchild=1&keywords=ASUS+Desktop&qid=1619422978&sr=8-33,ASUS,,Core i7-10710U
"ASUS AiO All-in-One Desktop PC, 23.8” FHD Anti-Glare Touchscreen Display, AMD Ryzen 5 3500U Processor, 8GB DDR4 RAM, 512GB PCIe SSD, Windows 10 Home, Kensington Lock, V241DA-DB501T",749,https://www.amazon.com//Performance-Quad-Core-i7-7700HQ-GeForce-Keyboard/dp/B07VCZYTJ4/ref=sr_1_37?dchild=1&keywords=ASUS+Desktop&qid=1619423109&sr=8-37,ASUS,,Ryzen 5 3500U
"Mini Pc Windows 10 Pro/Linux AMD Ryzen 5 3550H Radeon Vega 8 Graphics, 8GB DDR4/256G SSD Desktop Mini Computer, DP HDMI/Type C/PCIE4 NVME SSD/WiFi&BT",559.99,https://www.amazon.com//gp/slredirect/picassoRedirect.html/ref=pa_sp_mtf_aps_sr_pg2_1?ie=UTF8&adId=A01947013SIE7JCVC3H3O&url=%2FWindows-Radeon-Graphics-Desktop-Computer%2Fdp%2FB08PY55VZT%2Fref%3Dsr_1_27_sspa%3Fdchild%3D1%26keywords%3DLenovo%2BDesktop%26qid%3D1619421772%26sr%3D8-27-spons%26psc%3D1&qualifier=1619421772&id=6274505613484472&widgetName=sp_mtf,Baiwei,4.5,Ryzen 5 3550H
"4 Cores 8th Intel Core i5-8259U 3.8Ghz Beelink Mini PC 16GB RAM 500GB NVMe M.2 SSD Windows 10 Pro Sei8 Mini Computer Support 4K Dual HDMI, Bluetooth 5.0, WiFi 6, Gigabit Ethernet,4USB3.0",529.89,https://www.amazon.com//gp/slredirect/picassoRedirect.html/ref=pa_sp_btf_aps_sr_pg1_1?ie=UTF8&adId=A02761962GMA8SKA0BB4L&url=%2FIntel-Core-i5-8259U-Beelink-500GB%2Fdp%2FB08XYPWWK4%2Fref%3Dsr_1_22_sspa%3Fdchild%3D1%26keywords%3DLenovo%2BDesktop%26qid%3D1619421643%26sr%3D8-22-spons%26psc%3D1&qualifier=1619421643&id=7399478074086497&widgetName=sp_btf,Beelink,5,Core i5
"Mini PC U57 Intel Core i5-5257u Processor(up to 3.10 GHz) Desktop Computer,Windows 10 Pro,8G DDR3L/256G SSD High Performance Business Mini Computer,2.4G/5G Dual WiFi,BT4.2,Dual HDMI Ports",379.99,https://www.amazon.com//gp/slredirect/picassoRedirect.html/ref=pa_sp_atf_next_aps_sr_pg2_1?ie=UTF8&adId=A0602013LT2YYVPVKO8Y&url=%2Fi5-5257u-Processor-Computer-Performance-Business%2Fdp%2FB08QHV3FPY%2Fref%3Dsr_1_18_sspa%3Fdchild%3D1%26keywords%3DHP%2BDesktop%26qid%3D1619421462%26sr%3D8-18-spons%26psc%3D1&qualifier=1619421462&id=2160457211640111&widgetName=sp_atf_next,Beelink,4.5,Core i5-5257U
"4 Cores 8th Intel Core i5-8259U 3.8Ghz Beelink Mini PC 16GB RAM 512GB NVMe M.2 SSD Windows 10 Pro Sei8 Mini Computer Support 4K Dual HDMI, Bluetooth 5.0, WiFi 6, Gigabit Ethernet,4USB3.0",539.89,https://www.amazon.com//gp/slredirect/picassoRedirect.html/ref=pa_sp_atf_next_aps_sr_pg2_1?ie=UTF8&adId=A03604903VCZOBQM1CAV3&url=%2FIntel-Core-i5-8259U-Beelink-512GB%2Fdp%2FB08T6GSXRX%2Fref%3Dsr_1_18_sspa%3Fdchild%3D1%26keywords%3DLenovo%2BDesktop%26qid%3D1619421772%26sr%3D8-18-spons%26psc%3D1&qualifier=1619421772&id=6274505613484472&widgetName=sp_atf_next,Beelink,4.5,Core i5
"Intel Core i3-5005U Processor U55 Beelink Mini PC Windows 10 Pro, 8GB RAM 128GB SSD, 4K HD Dual HDMI USB 3.0 Port, Dual Band WiFi Gigabit Ethernet BT 4.2 (8gb+128GB/intel core i3-5005U)…",268.88,https://www.amazon.com//i3-5005U-Beelink-128GB-intel-core/dp/B08TM8RGWX/ref=sr_1_39?dchild=1&keywords=ASUS+Desktop&qid=1619423109&sr=8-39,Beelink,4.4,Core i3
"CHUWI CoreBox X Windows 10 Mini PC,Intel Core i7 Mini Desktop pc, 8GB DDR3 256GB SSD,2.4GHz/5GHz Dual WiFi/Gigabit Ethernet / 4K Decoding/BT4.2",369,https://www.amazon.com//CHUWI-CoreBox-Windows-Ethernet-Decoding/dp/B08M3GZPS3/ref=sr_1_36?dchild=1&keywords=ASUS+Desktop&qid=1619423109&sr=8-36,CHUWI,4.3,Core i7-6560U
"CHUWI HeroBox Windows 10 Mini PC,Intel Gemini-Lake N4100 Quad-Core Processor,8GB DDR4 256GB SSD,Expandable 2TB 2.5 Inch HDD,1TB SSD with 2.4GHz/5GHz Dual WiFi 1000Mbps/BT4.2",199,https://www.amazon.com//gp/slredirect/picassoRedirect.html/ref=pa_sp_atf_next_aps_sr_pg3_1?ie=UTF8&adId=A0846613ASISRIJE4US1&url=%2FCHUWI-Gemini-Lake-Quad-Core-processor-Expandable%2Fdp%2FB082VZP76P%2Fref%3Dsr_1_34_sspa%3Fdchild%3D1%26keywords%3DLenovo%2BDesktop%26qid%3D1619421897%26sr%3D8-34-spons%26psc%3D1&qualifier=1619421897&id=5799708538442284&widgetName=sp_atf_next,CHUWI,4.1,Celeron
"2021 Newest Dell Inspiron 5000 All in One Desktop 24"" FHD Display, Intel Pentium Gold Processor 7505, 8GB DDR4 RAM, 256GB PCIe NVMe SSD, WiFi, Webcam, Wired Mouse&Keyboard, Win10 (Latest Model)",599.99,https://www.amazon.com//Dell-Inspiron-5000-Processor-Keyboard/dp/B08YP77DBH/ref=sr_1_10?dchild=1&keywords=DELL+Desktop&qid=1619421972&sr=8-10,Dell,5,Pentium
"Dell XPS 8940 MiniTower Desktop, Intel Core i3-10100 up to 4.3GHz, 8GB DDR4, 1TB HDD, Dell Wired Keyboard& Mouse, WiFi& BT4.1, HDMI, 12 Month McAfee LiveSafe, Windows 10 Home, TWE Mouse Pad",509,https://www.amazon.com//Dell-XPS-MiniTower-i3-10100-Keyboard/dp/B08NZ8GZMD/ref=sr_1_18?dchild=1&keywords=DELL+Desktop&qid=1619421972&sr=8-18,Dell,5,Core i3
"2021 Newest Dell Vostro Business Desktop 3888, Intel 6-Core i5-10400 up to 4.3 GHz, 16GB Memory, 256GB PCIe SSD (Boot) + 1TB HDD, DVD-RW, WiFi, HDMI, VGA, Bluetooth, Win10 Pro, Black",729.99,https://www.amazon.com//Dell-Business-Desktop-i5-10400-Bluetooth/dp/B08QL3SK8K/ref=sr_1_19?dchild=1&keywords=DELL+Desktop&qid=1619421972&sr=8-19,Dell,5,Core i5
"Dell Inspiron Business Desktop, 10th Gen Intel Core i3-10100 up to 4.3GHz, 8GB DDR4 RAM, 256GB NVMe SSD, DVD_RW, Dell Keyboard& Mouse, HDMI, Windows 10, TWE Accessory",529.97,https://www.amazon.com//Dell-Inspiron-Business-i3-10100-Accessory/dp/B08PMP41LV/ref=sr_1_26?dchild=1&keywords=DELL+Desktop&qid=1619422126&sr=8-26,Dell,5,Core i3
Dell OptiPlex 5000 5080 Desktop Computer - Intel Core i7 10th Gen i7-10700 Octa-core (8 Core) 2.90 GHz - 16 GB RAM DDR4 SDRAM - 256 GB SSD - Small Form Factor - Windows 10 Pro 64-bit - Intel UHD Graph,1049.69,https://www.amazon.com//Dell-OptiPlex-5080-Desktop-Computer/dp/B08NCR55XK/ref=sr_1_29?dchild=1&keywords=DELL+Desktop&qid=1619422126&sr=8-29,Dell,5,Core i7
Newest Dell Inspiron 3880 Premium Business Desktop Computer/ 10th Gen Intel Hexa-Core i5-10400 (up to 4.30 GHz Beat i7-7500U)/ 8GB DDR4 RAM/ 1TB HDD/WiFi/VGA/HDMI/Black/Windows 10 Home/AllyFlex MP,549,https://www.amazon.com//Dell-Inspiron-3880-Business-Hexa-Core/dp/B08MDQWNW8/ref=sr_1_32?dchild=1&keywords=DELL+Desktop&qid=1619422126&sr=8-32,Dell,5,Core i5
"Dell Inspiron 27 7790 Touch All in One 2TB SSD 2TB HD 64GB RAM (Intel 10th Gen Core i7 Processor Turbo to 4.90GHz, 64 GB RAM, 2 TB SSD + 2TB HD, 27"" Touchscreen FullHD, Win 10) PC Desktop Computer",2129,https://www.amazon.com//Dell-Inspiron-Processor-Touchscreen-Computer/dp/B08189LR73/ref=sr_1_19?dchild=1&keywords=DELL+Desktop&qid=1619422126&sr=8-19,Dell,4.8,Core i7
"Dell Inspiron 7700 AIO, 27-inch FHD Infinity Touch All in One - Intel Core i7-1165G7, 12GB 2666MHz DDR4 RAM, 1TB HDD + 256GB SSD, Iris XE Graphics, Windows 10 Home - Silver (Latest Model)",1498,https://www.amazon.com//Dell-Inspiron-27-inch-Infinity-Touch/dp/B08KHQBPHD/ref=sr_1_5?dchild=1&keywords=DELL+Desktop&qid=1619421972&sr=8-5,Dell,4.7,Core i7
"Dell Inspiron Desktop 3880 10th Gen Intel i3 10100, 8GB RAM, 256GB SSD, DVD+/-RW, Windows 10 Home",414,https://www.amazon.com//Dell-Inspiron-Desktop-Intel-Windows/dp/B08R28T5GG/ref=sr_1_6?dchild=1&keywords=DELL+Desktop&qid=1619421972&sr=8-6,Dell,4.7,Core i3
"Newest Dell Inspiron 3471 Small Form Mini Desktop, 9th Gen Core i3-9100 3.60 GHz, 8GB DDR4 RAM, 256GB M.2. SATA SSD(Boot) + 1TB HDD, 802.11bgn + Bluetooth 4.0, HDMI, VGA, DVD-RW, Windows 10",538,https://www.amazon.com//Dell-Inspiron-3471-802-11bgn-Bluetooth/dp/B081YJYT46/ref=sr_1_31?dchild=1&keywords=DELL+Desktop&qid=1619422126&sr=8-31,Dell,4.7,Core i3
Dell OptiPlex 7070 Desktop Computer - Intel Core i7-9700T - 16GB RAM - 256GB SSD - Micro PC,999,https://www.amazon.com//Dell-OptiPlex-7070-Desktop-Computer/dp/B07TQFS9F8/ref=sr_1_36?dchild=1&keywords=DELL+Desktop&qid=1619422267&sr=8-36,Dell,4.6,Core i7
"Dell Inspiron Desktop 3880 - Intel Core i5 10th Gen, 12GB Memory, 512GB Solid State Drive, Windows 10 Pro, 2 Year On-Site (Latest Model) - Black",678,https://www.amazon.com//Dell-Inspiron-Desktop-3880-Site/dp/B08BS5LW7X/ref=sr_1_3?dchild=1&keywords=DELL+Desktop&qid=1619421972&sr=8-3,Dell,4.5,Core i5
"Latest Dell Inspiron 7000 All-in-One Desktop 27"" FHD Touch Display, 10th Gen Intel Core i5-10210U Processor, 8GB Memory, 256GB SSD + 1TB HDD, HDMI, WiFi, Webcam, Windows 10, Black, 1-Year McAfee",999,https://www.amazon.com//gp/slredirect/picassoRedirect.html/ref=pa_sp_mtf_aps_sr_pg1_1?ie=UTF8&adId=A07156842M3OF1TPF98D9&url=%2FDell-Inspiron-Desktop-i5-10210U-Processor%2Fdp%2FB08P986CC6%2Fref%3Dsr_1_16_sspa%3Fdchild%3D1%26keywords%3DDELL%2BDesktop%26qid%3D1619421972%26sr%3D8-16-spons%26psc%3D1%26smid%3DA3I8SIV4ZMJMWX&qualifier=1619421972&id=829482053068879&widgetName=sp_mtf,Dell,4.5,Core i5-10210U
"Dell Inspiron i3880 Desktop Computer - 10th Gen Intel 6-Core i5-10400 up to 4.30 GHz Processor, 8GB DDR4 Memory, 1TB Hard Drive, Intel UHD Graphics 630, DVD Burner, Windows 10 Home, Black",685,https://www.amazon.com//Dell-Inspiron-i3880-Desktop-Computer/dp/B08DBGLFZC/ref=sr_1_34?dchild=1&keywords=DELL+Desktop&qid=1619422126&sr=8-34,Dell,4.5,Core i5
"2021 Newest Dell Inspiron Desktop 3880, Intel Quad-Core i5-10400 up to 4.3 GHz, 16GB Memory, 1TB SSD, DVD-RW, Wireless-AC, HDMI, VGA, Bluetooth, Win10 Home, Black +Oydisen Cloth",689.99,https://www.amazon.com//Dell-3880-Quad-Core-Wireless-AC-Bluetooth/dp/B08QJR46HL/ref=sr_1_4?dchild=1&keywords=DELL+Desktop&qid=1619421972&sr=8-4,Dell,4.4,Core i5
"Dell Optiplex 7070 Micro Factor Desktop Computer Intel Core i5-8600T up to 3.70 GHz, 16GB DDR4, M.2 256GB PCIe NVMe, Dual-b and 2x2 802.11ac WiFi with MU -MIMO + Bluetooth 5, Windows 10 Professional",799,https://www.amazon.com//Dell-Optiplex-Computer-Bluetooth-Professional/dp/B08D9WNLPJ/ref=sr_1_30?dchild=1&keywords=DELL+Desktop&qid=1619422126&sr=8-30,Dell,4.4,Core i5
"Dell XPS 8930 Tower Desktop - 8th Gen. Intel Core i7-8700 6-Core up to 4.60 GHz, 32GB DDR4 Memory, 512GB SSD + 2TB SATA Hard Drive, 4GB Nvidia GeForce GTX 1050Ti, Windows 10 Pro, Black",1299.11,https://www.amazon.com//Dell-XPS-8930-Tower-Desktop/dp/B078N6YP9M/ref=sr_1_21?dchild=1&keywords=DELL+Desktop&qid=1619422126&sr=8-21,Dell,4.3,Core i7
"Dell XPS 8940 Tower Desktop Computer - 10th Gen Intel Core i7-10700 8-Core up to 4.80 GHz CPU, 32GB DDR4 RAM, 512GB SSD + 3TB Hard Drive, Intel UHD Graphics 630, DVD Burner, Windows 10 Pro, Black",1389,https://www.amazon.com//Dell-XPS-8940-Desktop-Computer/dp/B08G1Z872C/ref=sr_1_35?dchild=1&keywords=DELL+Desktop&qid=1619422126&sr=8-35,Dell,4.3,Core i7
"DELL Optiplex 5040-SFF, Core i5-6500 3.2GHz, 8GB RAM, 256GB Solid State Drive, DVD, Windows 10 Pro 64bit (Renewed)']",250.99,https://www.amazon.com//Dell-Optiplex-5040-SFF-i5-6500-Windows/dp/B07N1TNKCY/ref=sr_1_17?dchild=1&keywords=DELL+Desktop&qid=1619421972&sr=8-17,Dell,4.2,Intel Core I5 6500
Dell XPS 8940 2021 Premium Tower Desktop Computer I 10th Gen Intel 8-Core i7-10700 I 16GB DDR4 512GB SSD + 1TB HDD I Geforce GTX 1660Ti DisplayPort Wifi6 Bluetooth DVD-RW Win10,1299.99,https://www.amazon.com//Dell-Computer-i7-10700-DisplayPort-Bluetooth/dp/B08FBBS5JB/ref=sr_1_22?dchild=1&keywords=DELL+Desktop&qid=1619422126&sr=8-22,Dell,4.2,Core i7
Dell OptiPlex 3000 3080 Desktop Computer - Intel Core i3 10th Gen i3-10100T Quad-core (4 Core) 3GHz - 8GB RAM DDR4 SDRAM - 256GB SSD - Micro PC (KT0JX),529.98,https://www.amazon.com//Dell-OptiPlex-3000-Desktop-Computer/dp/B08NQ358NP/ref=sr_1_9?dchild=1&keywords=DELL+Desktop&qid=1619421972&sr=8-9,Dell,,Core i3
Dell Inspiron 3880 Desktop Intel i5-10400 Processor(6-Core 12M Cache 2.9GHz to 4.3GHz) 8GB Memory 8GB DDR4 256 GB SSD,509,https://www.amazon.com//Dell-Inspiron-Desktop-i5-10400-Processor/dp/B09154DKFN/ref=sr_1_13?dchild=1&keywords=DELL+Desktop&qid=1619421972&sr=8-13,Dell,,Core i5
"Dell OptiPlex 7000 7480 All-in-One Computer - Intel Core i5 10th Gen i5-10500 Hexa-core (6 Core) 3.10 GHz - 8 GB RAM DDR4 SDRAM - 256 GB SSD - 23.8"" Full HD 1920 x 1080 - Desktop - Windows 10 Pro",1229.98,https://www.amazon.com//Dell-OptiPlex-7000-7480-Computer/dp/B08M85WLRW/ref=sr_1_24?dchild=1&keywords=DELL+Desktop&qid=1619422126&sr=8-24,Dell,,Core i5
"2021 Newest Dell Vostro 3000 SFF Small Business Desktop, Intel Quad-Core i3-10100 3.6Ghz up to 4.3 GHz, 16GB Memory, 1TB Hard Disk Drive, DVD-RW, WiFi, HDMI, VGA, Win10 Pro, Black",539.99,https://www.amazon.com//Dell-Business-Desktop-Quad-Core-i3-10100/dp/B08R44GMFY/ref=sr_1_25?dchild=1&keywords=DELL+Desktop&qid=1619422126&sr=8-25,Dell,,Core i3
Dell OptiPlex 5000 5080 Desktop Computer - Intel Core i5 10th Gen i5-10500 Hexa-core (6 Core) 3.10 GHz - 8 GB RAM DDR4 SDRAM - 256 GB SSD - Small Form Factor - Windows 10 Pro 64-bit - Intel UHD Graphi,764.99,https://www.amazon.com//Dell-OptiPlex-5080-Desktop-Computer/dp/B08NCX6QQ8/ref=sr_1_33?dchild=1&keywords=DELL+Desktop&qid=1619422126&sr=8-33,Dell,,Core i5
Dell OptiPlex 7070 Desktop Computer - Intel Core i7-9700 - 8GB RAM - 256GB SSD - Small Form Factor,1118.19,https://www.amazon.com//Dell-OptiPlex-7070-Desktop-Computer/dp/B07TMQT59D/ref=sr_1_35?dchild=1&keywords=DELL+Desktop&qid=1619422267&sr=8-35,Dell,,Core i7
"Dell_XPS 8940 Special Edition Desktop - 10th Gen Intel Core i9-10900K 10-Core up to 5.30 GHz CPU, 64GB DDR4 RAM, 1TB SSD + 1TB HDD, NVIDIA_GeForce RTX 2060 6GB GDDR6, DVD Burner, Windows 10 Pro, White",2799,https://www.amazon.com//Dell_XPS-8940-Special-Desktop-NVIDIA_GeForce/dp/B08Q4HCYDR/ref=sr_1_36?dchild=1&keywords=DELL+Desktop&qid=1619422126&sr=8-36,Dell_,5,Core i9
"Intel NUC NUC8i5BEH Mini PC/HTPC,  i5 NUC Tall with 8GB Ram, 256GB PCIe SSD, Intel Core i5-8259U 2.3 GHz, Windows 10 Home, Bluetooth, WiFi, 4k Support, Dual Monitor Capable (8GB Ram + 256GB SSD)",459.99,https://www.amazon.com//gp/slredirect/picassoRedirect.html/ref=pa_sp_mtf_aps_sr_pg1_1?ie=UTF8&adId=A088459526C4E80FRVEIX&url=%2FNUC8i5BEH-8GB-256GB-i5-8259U-Bluetooth%2Fdp%2FB08NC3YSPB%2Fref%3Dsr_1_11_sspa%3Fdchild%3D1%26keywords%3DHP%2BDesktop%26qid%3D1619421256%26sr%3D8-11-spons%26psc%3D1&qualifier=1619421256&id=8987652757765581&widgetName=sp_mtf,GEEK+,4.5,Core i5
"Intel NUC NUC8i5BEH Mini PC/HTPC,  i5 NUC Tall with 16GB DDR4 Ram, 256GB PCIe SSD, Intel Core i5-8259U 2.3GHz, Windows 10 Home, Bluetooth, WiFi, 4k Support (16GB Ram + 256GB SSD)",509.99,https://www.amazon.com//gp/slredirect/picassoRedirect.html/ref=pa_sp_btf_aps_sr_pg1_1?ie=UTF8&adId=A08840391QXE82HWZ8PG4&url=%2FNUC8i5BEH-16GB-256GB-i5-8259U-Bluetooth%2Fdp%2FB08NCQ1VXP%2Fref%3Dsr_1_21_sspa%3Fdchild%3D1%26keywords%3DLenovo%2BDesktop%26qid%3D1619421643%26sr%3D8-21-spons%26psc%3D1&qualifier=1619421643&id=7399478074086497&widgetName=sp_btf,GEEK+,4.5,Core i5
"Intel NUC NUC8i5BEH Mini PC/HTPC,  i5 NUC Tall with 16GB DDR4 Ram, 256GB PCIe SSD, Intel Core i5-8259U 2.3GHz, Windows 10 Home, Bluetooth, WiFi, 4k Support (16GB Ram + 256GB SSD)",509.99,https://www.amazon.com//gp/slredirect/picassoRedirect.html/ref=pa_sp_btf_aps_sr_pg2_1?ie=UTF8&adId=A08840391QXE82HWZ8PG4&url=%2FNUC8i5BEH-16GB-256GB-i5-8259U-Bluetooth%2Fdp%2FB08NCQ1VXP%2Fref%3Dsr_1_38_sspa%3Fdchild%3D1%26keywords%3DASUS%2BDesktop%26qid%3D1619422978%26sr%3D8-38-spons%26psc%3D1&qualifier=1619422978&id=4408424477942140&widgetName=sp_btf,GEEK+,4.5,Core i5
"HP Envy TE01-1177c Desktop Computer (9ED93AA) - 10th Gen Intel Core i7-10700F up to 4.7 GHz CPU, 32GB DDR4 SDRAM, 512GB PCIe SSD + 1TB HDD, NVIDIA_GeForce GTX 1660 Super, DVD-Writer, Windows 10 Home",1349.99,https://www.amazon.com//HP-TE01-1177c-Desktop-Computer-9ED93AA/dp/B08S92LTDD/ref=sr_1_13?dchild=1&keywords=HP+Desktop&qid=1619421256&sr=8-13,HP,5,Core i7
"2021 New HP M01 Desktop Computer, Intel 6-Core i7-8700 3.2GHz, 32GB DDR4 RAM, 1TB PCIe NVMe SSD, Intel UHD Graphics 630, No DVD, WiFi 5, Bluetooth, HDMI, VGA, Windows 10 Home + Oydisen Cloth",929.99,https://www.amazon.com//HP-M01-Desktop-Computer-Bluetooth/dp/B08MZG6T8F/ref=sr_1_33?dchild=1&keywords=HP+Desktop&qid=1619421462&sr=8-33,HP,5,Core i7
HP Business Desktop ProDesk 600 G2 Desktop Computer - Intel Core i5 (6th Gen) i5-6500 3.20 GHz - 8 GB DDR4 SDRAM - 256 GB SSD (Renewed),245.99,https://www.amazon.com//HP-Business-600-G2-Computer/dp/B07F7MRT2P/ref=sr_1_12?dchild=1&keywords=HP+Desktop&qid=1619421256&sr=8-12,HP,4.7,Intel Core I5 6500
"HP 27 Pavilion All-in-One PC, 10th Gen Intel i7-10700T Processor, 16 GB RAM, Dual Storage 512 GB SSD and 1TB HDD, Full HD IPS 27 Inch Touchscreen, Windows 10 Home, Keyboard and Mouse (27-d0072, 2020)",1349,https://www.amazon.com//HP-i7-10700T-Processor-Touchscreen-27-d0072/dp/B08BX9CJC2/ref=sr_1_18?dchild=1&keywords=HP+Desktop&qid=1619421256&sr=8-18,HP,4.7,Intel Core i7
"HP 24-inch All-in-One Desktop Computer, AMD Athlon Silver 3050U Processor, 8 GB RAM, 256 GB SSD, Windows 10 Home (24-dd0010, White)",619,https://www.amazon.com//HP-24-inch-Computer-Processor-24-dd0010/dp/B0849GZCQR/ref=sr_1_4?dchild=1&keywords=HP+Desktop&qid=1619421256&sr=8-4,HP,4.6,Athlon
"HP Pavilion Gaming Desktop, NVIDIA GeForce GTX 1650, Intel Core i5-10400F, 8 GB DDR4 RAM, 256 GB PCIe NVMe SSD, Windows 10 Home, USB Mouse and Keyboard, Compact Tower Design (TG01-1020, 2020)",859,https://www.amazon.com//HP-Pavilion-i5-10400F-Keyboard-TG01-1020/dp/B08CWLCNWV/ref=sr_1_15?dchild=1&keywords=HP+Desktop&qid=1619421256&sr=8-15,HP,4.6,Intel Core i5
"HP 800 G2 SFF (Intel Core i7-6700, 32GB Ram, 1TB New SSD, USB 3.0, WiFi Bluetooth Adapter) Windows 10 Professional (Renewed)",489.99,https://www.amazon.com//HP-i7-6700-Bluetooth-Adapter-Professional/dp/B07XPJ4W4Z/ref=sr_1_20?dchild=1&keywords=HP+Desktop&qid=1619421256&sr=8-20,HP,4.6,Core i7
"HP 22-inch All-in-One Desktop Computer, AMD Athlon Silver 3050U Processor, 4 GB RAM, 256 GB SSD, Windows 10 Home (22-dd0010, White), Snow White",519,https://www.amazon.com//HP-22-inch-Computer-Processor-22-dd0010/dp/B0849P8D69/ref=sr_1_10?dchild=1&keywords=HP+Desktop&qid=1619421256&sr=8-10,HP,4.5,Athlon
HP Envy Desktop (TE01-0034) Intel Core i7 16GB Memory - 512GB Solid State Drive - Nightfall Black,821.61,https://www.amazon.com//HP-Desktop-TE01-0034-Intel-Memory/dp/B081ZB5B4Y/ref=sr_1_31?dchild=1&keywords=HP+Desktop&qid=1619421462&sr=8-31,HP,4.5,Core i7
"HP Envy Desktop Computer, Intel Core i7-10700, 16 GB RAM, 1 TB Hard Drive & 512 GB SSD Storage, Windows 10 Pro (TE01-1022, 2020 Model)",1159.99,https://www.amazon.com//HP-Desktop-Computer-i7-10700-TE01-1022/dp/B089K5J3PT/ref=sr_1_5?dchild=1&keywords=HP+Desktop&qid=1619421256&sr=8-5,HP,4.4,Core i7
HP 290-p0043w Slim Celeron G4900 3.1GHz 4GB RAM 500GB HDD Win 10 Home Black,329,https://www.amazon.com//HP-290-p0043w-Intel-Celeron-Windows/dp/B07GXY6JHV/ref=sr_1_19?dchild=1&keywords=HP+Desktop&qid=1619421462&sr=8-19,HP,4.4,Celeron
"2021 Newest HP Pavilion Business Desktop Computer, AMD 8-Core Ryzen 7 4700G Processor (Better Than i7-10700K), 32GB DDR4 RAM, 512GB PCIe SSD + 1TB HDD, WiFi, HDMI, VGA, Win10 Home + Oydisen Cloth",849.99,https://www.amazon.com//HP-Pavilion-Business-Processor-i7-10700K/dp/B08RSSN33Q/ref=sr_1_20?dchild=1&keywords=HP+Desktop&qid=1619421462&sr=8-20,HP,4.4,AMD R Series
"HP Pavilion (590-p0050) Desktop Computer with Intel Core i5+8400 Processor, 8GB RAM and 16 GB Intel Optane Memory, 1TB Hard Drive, Windows 10 (Silver)",624.12,https://www.amazon.com//HP-Pavilion-Computer-Processor-590-p0050/dp/B07C3DVWMS/ref=sr_1_17?dchild=1&keywords=HP+Desktop&qid=1619421256&sr=8-17,HP,4.3,Core i5
"2021 Newest HP Premium Business Desktop Computer, AMD 8-Core Ryzen 7 4700G(up to 4.4Ghz, Beat i7-10700K), 32GB DDR4 RAM, 1TB SSD, WiFi, Bluetooth, HDMI, VGA, Windows 10 Home+AllyFlex Mousepad",949,https://www.amazon.com//HP-Desktop-Ryzen-i7-10700K-Bluetooth/dp/B08SRDQ65Z/ref=sr_1_21?dchild=1&keywords=HP+Desktop&qid=1619421462&sr=8-21,HP,4.3,AMD Ryzen 7
"HP z230 Workstation SFF Business Desktop Computer, Core i7 4790 Up to 4.0Ghz, 16GB RAM, 480GB SSD, DisplayPort, HDMI, Wi-Fi, USB 3.0, Windows 10 Pro (Renewed)",324,https://www.amazon.com//z230-Workstation-Business-Computer-DisplayPort/dp/B07S31HD5P/ref=sr_1_24?dchild=1&keywords=HP+Desktop&qid=1619421462&sr=8-24,HP,4.1,Core i7
HP ProDesk 600 G6 - Desktop Mini PC - Intel Core i5-10500T - 256GB SSD - 16GB DDR4 - Windows 10 + Zipnology Screen Cleaning Cloth Bundle - New,854.79,https://www.amazon.com//gp/slredirect/picassoRedirect.html/ref=pa_sp_atf_aps_sr_pg1_1?ie=UTF8&adId=A0688085Z6MQCQRYX2Q0&url=%2FHP-ProDesk-600-i5-10500T-Zipnology%2Fdp%2FB092K4HKJH%2Fref%3Dsr_1_1_sspa%3Fdchild%3D1%26keywords%3DHP%2BDesktop%26qid%3D1619421256%26sr%3D8-1-spons%26psc%3D1&qualifier=1619421256&id=8987652757765581&widgetName=sp_atf,HP,,Intel Core i9
HP Business Desktop ProDesk 600 G5 Desktop Computer - Intel Core i5 9th Gen i5-9500 3 GHz - 16 GB RAM DDR4 SDRAM - 256 GB SSD - Small Form Factor,1072.97,https://www.amazon.com//Smart-PRODESK-I5-9500-256GB-W10P6/dp/B07W8HTL3W/ref=sr_1_23?dchild=1&keywords=HP+Desktop&qid=1619421462&sr=8-23,HP,,Core i5
HP Business Desktop ProDesk 400 G6 Desktop Computer - Intel Pentium Gold G5420 3.80 GHz - 4 GB RAM DDR4 SDRAM - 500 GB HDD - Small Form Factor,449.99,https://www.amazon.com//gp/slredirect/picassoRedirect.html/ref=pa_sp_mtf_aps_sr_pg2_1?ie=UTF8&adId=A09763692ODY0QDL0T92M&url=%2FSmart-PRODESK-5420-500GB-W10P6%2Fdp%2FB07W67RBWT%2Fref%3Dsr_1_27_sspa%3Fdchild%3D1%26keywords%3DHP%2BDesktop%26qid%3D1619421462%26sr%3D8-27-spons%26psc%3D1&qualifier=1619421462&id=2160457211640111&widgetName=sp_mtf,HP,,Pentium
"UM250 Mini PC AMD Ryzen 5 Pro 2500U Windows 10 Pro Mini Desktop Computer, Radeon Vega 8 Graphics,16GB DDR4 256 GB SSD,HDMI2.0/DP/USB-C Triple 4K@60Hz Output,with1000M LAN Intel WIFI6 AX200 BT5.1",599.9,https://www.amazon.com//gp/slredirect/picassoRedirect.html/ref=pa_sp_atf_next_aps_sr_pg2_1?ie=UTF8&adId=A03780653P3IMBPFZ2PE7&url=%2FUM250-Windows-Computer-Graphics-with1000M%2Fdp%2FB08YNMKCCH%2Fref%3Dsr_1_17_sspa%3Fdchild%3D1%26keywords%3DLenovo%2BDesktop%26qid%3D1619421772%26sr%3D8-17-spons%26psc%3D1&qualifier=1619421772&id=6274505613484472&widgetName=sp_atf_next,KODLIX,4.6,Ryzen 5 2500U
"UM250 Mini PC AMD Ryzen 5 Pro 2500U Windows 10 Pro Mini Desktop Computer, Radeon Vega 8 Graphics,16GB DDR4 512GB SSD,HDMI2.0/DP/USB-C Triple 4K@60Hz Output,with 1000M LAN Intel WIFI6 AX200 BT5.1",629.9,https://www.amazon.com//gp/slredirect/picassoRedirect.html/ref=pa_sp_atf_next_aps_sr_pg3_1?ie=UTF8&adId=A07973311DA6CHRFFEVKM&url=%2FUM250-Windows-Desktop-Computer-Graphics%2Fdp%2FB08YY4VPYP%2Fref%3Dsr_1_33_sspa%3Fdchild%3D1%26keywords%3DLenovo%2BDesktop%26qid%3D1619421897%26sr%3D8-33-spons%26psc%3D1&qualifier=1619421897&id=5799708538442284&widgetName=sp_atf_next,KODLIX,4.6,AMD R Series
Lenovo Ideacentre 5i Desktop | Intel Core i7-10700 Processor | 16GB DDR4 RAM | 512SSD+1TBHDD | Intel UHD Graphics 630 | Includes Keyboard & Mouse | DVD±RW | Windows 10 | with Woov Accessory Bundle,869.99,https://www.amazon.com//Lenovo-Ideacentre-i7-10700-Processor-Accessory/dp/B08MTCH2LZ/ref=sr_1_19?dchild=1&keywords=Lenovo+Desktop&qid=1619421772&sr=8-19,Lenovo,5,Core i7
"Lenovo ThinkCentre M90n, i5-8265U, UHD Graphics 620, 8GB, 512GB SSD, Win 10 Pro",454,https://www.amazon.com//Lenovo-ThinkCentre-i5-8265U-Graphics-512GB/dp/B08BJHKL7G/ref=sr_1_29?dchild=1&keywords=Lenovo+Desktop&qid=1619421772&sr=8-29,Lenovo,5,Core i5
"Lenovo 24"" FHD (1920 x 1080) IPS Touchscreen All-in-One Ideacentre A540 with AMD Qaud Core Ryzen 5 3400GE Processor up to 4.0 GHz, 12GB DDR4 RAM, 128GB PCIe SSD, and 2TB Traditional Hard Drive",849.99,https://www.amazon.com//Lenovo-Touchscreen-Ideacentre-Processor-Traditional/dp/B08GCYMHN7/ref=sr_1_33?dchild=1&keywords=Lenovo+Desktop&qid=1619421772&sr=8-33,Lenovo,5,Ryzen 5 2600H
"Lenovo IdeaCentre A340 multitouch All in one Desktop: 23.8"", i3-8100T, 12GB DDR4 RAM, 256GB SSD, DVD-RW Burner, Win 10 Home",738,https://www.amazon.com//Lenovo-IdeaCentre-A340-multitouch-Desktop/dp/B084D6K3Y6/ref=sr_1_35?dchild=1&keywords=Lenovo+Desktop&qid=1619421772&sr=8-35,Lenovo,5,Core i3
"Lenovo IdeaCentre AIO 3, 24"" All-in-One Computer, AMD Ryzen 3 4300U Mobile Processor, Integrated Graphics, 8GB DDR4, 256GB M.2 Name SSD, DVD RW Drive, Windows 10, F0EW005TUS, Business Black",549.99,https://www.amazon.com//Lenovo-IdeaCentre-Processor-Integrated-F0EW005TUS/dp/B089N4K38B/ref=sr_1_4?dchild=1&keywords=Lenovo+Desktop&qid=1619421643&sr=8-4,Lenovo,4.7,Ryzen 3 4300U
"Lenovo IdeaCentre 3 Desktop, Tower, AMD Athlon Silver 3050U Processor, AMD Radeon Graphics, 4GB DDR4, 256GB SSD, Wi-Fi 802.11, Bluetooth, HDMI, 8 USB Ports, Windows 10, 90NT0000US, Silver",319.96,https://www.amazon.com//Lenovo-IdeaCentre-Processor-Bluetooth-90NT0000US/dp/B089N6C6W2/ref=sr_1_5?dchild=1&keywords=Lenovo+Desktop&qid=1619421643&sr=8-5,Lenovo,4.5,Athlon
Lenovo ThinkCentre M630e Tiny Desktop Computer - Intel Core i5-8265U (up to 3.90 GHz) - 8 GB RAM - 256 GB SSD - Windows 10 Pro - Wireless LAN - Bluetooth,751.15,https://www.amazon.com//Lenovo-ThinkCentre-10YM004QUS-Desktop-Computer/dp/B07YG3SGHM/ref=sr_1_12?dchild=1&keywords=Lenovo+Desktop&qid=1619421643&sr=8-12,Lenovo,4.5,Intel Core i5
"Lenovo 510A Desktop (AMD Ryzen 3 3200G 3.6GHz, 8GB RAM, Windows 10 Pro 64-Bit, 256GB SSD, DVD-RW, Radeon Vega 8) Computer Bundle with Mouse Pad",549,https://www.amazon.com//Lenovo-Desktop-3-6GHz-Windows-Computer/dp/B07ZPH652S/ref=sr_1_13?dchild=1&keywords=Lenovo+Desktop&qid=1619421643&sr=8-13,Lenovo,4.5,AMD R Series
"Lenovo ThinkCentre M73 SFF Small Form Factor Business Desktop Computer, Intel Dual-Core i3-4130 3.4GHz, 8GB RAM, 500GB HDD, USB 3.0, WiFi, DVD, Windows 10 Professional (Renewed)",135,https://www.amazon.com//Lenovo-ThinkCentre-M73-Professional-Refurbished/dp/B07798GCN7/ref=sr_1_22?dchild=1&keywords=Lenovo+Desktop&qid=1619421772&sr=8-22,Lenovo,4.4,Core i3
"Lenovo IdeaCentre A340 23.8"" FHD Touchscreen All-in-One AIO Desktop Computer, Intel Quad-Core i3-9100T (Beats i5-7400t), 4GB DDR4, 256GB PCIe SSD, DVD-RW, Windows 10, TWE Mouse Pad",639,https://www.amazon.com//Lenovo-IdeaCentre-Touchscreen-Computer-Quad-Core/dp/B08CD565F8/ref=sr_1_21?dchild=1&keywords=Lenovo+Desktop&qid=1619421772&sr=8-21,Lenovo,3.7,AMD A Series
"Lenovo ThinkCentre M720s Small Form Factor (SFF) Desktop, Intel Core 9th Gen i5-9400, 16GB RAM, 512GB SSD, Windows 10 Pro",649,https://www.amazon.com//Lenovo-ThinkCentre-Desktop-i5-9400-Windows/dp/B08ZDWSJ8H/ref=sr_1_7?dchild=1&keywords=Lenovo+Desktop&qid=1619421643&sr=8-7,Lenovo,,Core i5
"Lenovo 24"" FHD Touchscreen All-in-One Ideacentre 3i Computer with Intel Core i5-10400T Processor, 8GB DDR4 RAM, 512GB PCIe SSD, CD/DVD Drive, and Windows 10",869.99,https://www.amazon.com//Lenovo-Touchscreen-Ideacentre-3i-i5-10400T/dp/B08YP6T354/ref=sr_1_19?dchild=1&keywords=Lenovo+Desktop&qid=1619421643&sr=8-19,Lenovo,,Core i5
"Lenovo 27"" QHD (2560x1440) Touchscreen All-in-One Ideacentre 5 PC with 10th Gen Intel 6 Core i5-10400T Processor, 8GB DDR4 RAM, 256GB SSD and 1TB HDD, 1080p IR HD Camera, and Windows 10 Professional",1199.99,https://www.amazon.com//Lenovo-2560x1440-Touchscreen-Ideacentre-Professional/dp/B08ZJLRNWT/ref=sr_1_32?dchild=1&keywords=Lenovo+Desktop&qid=1619421772&sr=8-32,Lenovo,,Core i5
"2021 Newest Lenovo IdeaCentre 5i Desktop Computer, 10th Gen Intel core i5-10400 (6-Core Processor), 16 GB RAM, 1 TB PCIe SSD, DVD-RW, HDMI, VGA, Windows 10 Home + Oydisen Cloth",649.99,https://www.amazon.com//Lenovo-IdeaCentre-Computer-i5-10400-Processor/dp/B091DB8PQ3/ref=sr_1_35?dchild=1&keywords=Lenovo+Desktop&qid=1619421897&sr=8-35,Lenovo,,Core i5
"2021 Newest Levono ThinkCentre M720e Business Desktop: Intel i5-9400F, 8GB DDR4 Memory, 1TB Hard Drive, USB 3.01; Windows 10 Pro (64 bit), Black",589.99,https://www.amazon.com//Newest-ThinkCentre-M720e-Business-Desktop/dp/B08RY5PT3V/ref=sr_1_39?dchild=1&keywords=Lenovo+Desktop&qid=1619421897&sr=8-39,Lenovo,,Core i5
MeLE Mini PC Stick Windows 10 Pro 6GB DDR 128GB eMMC Intel Celeron J3455 Processor Quad-Core Fanless Mini Computer 4K HD BT4.2 2.4G/5.0G Dual Band WiFi USB3.0,199.99,https://www.amazon.com//MeLE-Windows-Processor-Quad-Core-Computer/dp/B08V8LQD92/ref=sr_1_31?dchild=1&keywords=ASUS+Desktop&qid=1619422978&sr=8-31,MeLE,5,Celeron
"X35G Mini PC 10th Gen Intel Core i3-1005G1 Windows 10 Pro Desktop Computer, 16G DDR4 RAM+Optane 16G+1TB HDD, HDMI 2.0/USB-C(Thunderbolt 3)/DP(5K@60Hz) Outputs, 4xUSB Port, 2xRJ45, BT5.1",449.9,https://www.amazon.com//gp/slredirect/picassoRedirect.html/ref=pa_sp_atf_aps_sr_pg1_1?ie=UTF8&adId=A101587610S2EZNUA65ME&url=%2FX35G-i3-1005G1-Windows-Computer-Thunderbolt%2Fdp%2FB08NV6TJXN%2Fref%3Dsr_1_2_sspa%3Fdchild%3D1%26keywords%3DHP%2BDesktop%26qid%3D1619421256%26sr%3D8-2-spons%26psc%3D1&qualifier=1619421256&id=8987652757765581&widgetName=sp_atf,MINISFORUM,4.6,Core i3-1005G1
"OEM Lenovo ThinkCentre M75s SFF AMD Ryzen 5 PRO 3400G, 8GB RAM, 256GB NVMe, W10P, Business Desktop",699.95,https://www.amazon.com//Lenovo-ThinkCentre-M75s-Business-Desktop/dp/B08WFB97Z5/ref=sr_1_34?dchild=1&keywords=Lenovo+Desktop&qid=1619421772&sr=8-34,Oemgenuine,5,Ryzen 5 3400G
"OEM Lenovo ThinkCentre M910 Tiny M910q Intel Quad Core i5-6500T, 16GB RAM, 500GB SSD, WiFi Intel 8265-AC, W10P Business Desktop",799.95,https://www.amazon.com//gp/slredirect/picassoRedirect.html/ref=pa_sp_atf_aps_sr_pg1_1?ie=UTF8&adId=A0155069EXULC8H5LIFU&url=%2FThinkCentre-M900-SFF-Computer-Additional%2Fdp%2FB07F7P1TXT%2Fref%3Dsr_1_2_sspa%3Fdchild%3D1%26keywords%3DLenovo%2BDesktop%26qid%3D1619421643%26sr%3D8-2-spons%26psc%3D1&qualifier=1619421643&id=7399478074086497&widgetName=sp_atf,Oemgenuine,4.8,Core i5
"OEM Lenovo ThinkCentre M720 Tiny M720q Intel Hexa Core (6 cores) i7-8700T, 32GB RAM, 1TB SSD, W10P, Business Desktop",1199.95,https://www.amazon.com//ThinkCentre-M720-M720Q-i7-8700T-Business/dp/B073XWT4YK/ref=sr_1_31?dchild=1&keywords=Lenovo+Desktop&qid=1619421772&sr=8-31,Oemgenuine,4.7,Core i7
"OEM Lenovo ThinkCentre M920q Tiny Intel Hexa Core (6 Cores) i5-8500T, 8GB RAM, 250GB SSD, W10P Business Desktop",759.95,https://www.amazon.com//Oemgenuine-ThinkCentre-M720q-Hexa-Core-i5-8400T/dp/B0751B5G6Z/ref=sr_1_6?dchild=1&keywords=Lenovo+Desktop&qid=1619421643&sr=8-6,Oemgenuine,4.6,Cortex
"OEM Lenovo ThinkCentre V50s SFF Intel Hexa Core (6 Cores) i5-10500, 16GB RAM, 256GB NVMe, WiFi Intel-AC 3165, W10P Business Desktop",749.95,https://www.amazon.com//Oemgenuine-ThinkCentre-V530s-Hexa-Core-Intel-AC/dp/B07VBJXLQB/ref=sr_1_3?dchild=1&keywords=Lenovo+Desktop&qid=1619421643&sr=8-3,Oemgenuine,4.5,Core i5
"OEM Lenovo ThinkCentre V530s SFF Intel Octa-Core (8 Cores) i7-9700, 32GB RAM, 512GB NVMe + 1TB HDD, WiFi Intel-AC 3165, W10P Business Desktop",1099.95,https://www.amazon.com//gp/slredirect/picassoRedirect.html/ref=pa_sp_mtf_aps_sr_pg1_1?ie=UTF8&adId=A060092326TRWXZ8JOCHJ&url=%2FThinkCentre-V530s-Octa-Core-Intel-AC-Business%2Fdp%2FB08G38QS4Z%2Fref%3Dsr_1_11_sspa%3Fdchild%3D1%26keywords%3DLenovo%2BDesktop%26qid%3D1619421643%26sr%3D8-11-spons%26psc%3D1&qualifier=1619421643&id=7399478074086497&widgetName=sp_mtf,Oemgenuine,4.5,Core i7
"OEM Lenovo ThinkCentre M720s SFF Intel Hexa Core i7-8700 [6 Cores], 16GB RAM, 500GB SSD, W10P, Business Desktop Computer",1079.95,https://www.amazon.com//Oemgenuine-ThinkCentre-M720-SFF-Hexa-Core/dp/B0764J2VXM/ref=sr_1_8?dchild=1&keywords=Lenovo+Desktop&qid=1619421643&sr=8-8,Oemgenuine,4.4,Core i7
"OEM Lenovo ThinkCentre M920q Tiny Intel Hexa Core (6 Cores) i5-8500T, 16GB RAM, 250GB SSD, W10P Business Desktop",799.95,https://www.amazon.com//gp/slredirect/picassoRedirect.html/ref=pa_sp_atf_aps_sr_pg1_1?ie=UTF8&adId=A07493163EJOBS2S5BX8F&url=%2FOemgenuine-ThinkCentre-M720q-Hexa-Core-i5-8400T%2Fdp%2FB0751WF27J%2Fref%3Dsr_1_1_sspa%3Fdchild%3D1%26keywords%3DLenovo%2BDesktop%26qid%3D1619421643%26sr%3D8-1-spons%26psc%3D1&qualifier=1619421643&id=7399478074086497&widgetName=sp_atf,Oemgenuine,4.1,Core i5
"OEM Lenovo ThinkCentre V50s SFF Intel Hexa Core i5-10500 [6 Cores], 16GB RAM, 256GB NVMe, W10P, Business Desktop Computer",729.95,https://www.amazon.com//ThinkCentre-V50s-i5-10500-Business-Computer/dp/B08WHTHCXS/ref=sr_1_18?dchild=1&keywords=Lenovo+Desktop&qid=1619421643&sr=8-18,Oemgenuine,,Core i5
"Newest_Dell Vostro 3000 Series 3471 SFF Mini Business Desktop Computer, Intel Core i3-9100 Processor (up to 4.20GHz), 8GB RAM, 1TB Hard Drive, HDMI, VGA, DVD-RW, Wi-Fi, Windows10 Pro, Shoxlab MousePad",459,https://www.amazon.com//gp/slredirect/picassoRedirect.html/ref=pa_sp_atf_aps_sr_pg1_1?ie=UTF8&adId=A0564557UDDIQCD8A9KL&url=%2F2020_Dell-Business-Processor-Shoxlab-Mousepad%2Fdp%2FB08FF7KHLG%2Fref%3Dsr_1_2_sspa%3Fdchild%3D1%26keywords%3DDELL%2BDesktop%26qid%3D1619421972%26sr%3D8-2-spons%26psc%3D1&qualifier=1619421972&id=829482053068879&widgetName=sp_atf,SHOXLAB,5,Core i5
"2021_Dell XPS Desktop, 10th Gen Intel Core i7-10700 (up to 4.8GHz), 16GB DDR4 RAM, 256GB PCIe SSD + 2TB Hard Drive, GeForce RTX 2060 8G, DVD Drive, HDMI, WiFi 6, Bluetooth, Win 10, 1-W Shoxlab Support",1499,https://www.amazon.com//gp/slredirect/picassoRedirect.html/ref=pa_sp_atf_aps_sr_pg1_1?ie=UTF8&adId=A07692501LJONTPXUN4IC&url=%2F2021_Dell-Desktop-i7-10700-GeForce-Bluetooth%2Fdp%2FB08WJM6R7C%2Fref%3Dsr_1_1_sspa%3Fdchild%3D1%26keywords%3DDELL%2BDesktop%26qid%3D1619421972%26sr%3D8-1-spons%26psc%3D1&qualifier=1619421972&id=829482053068879&widgetName=sp_atf,SHOXLAB,3.5,Core i7
"VCI Lenovo ThinkCentre M720 M720s Intel Core i7-8700 (6-core) 3.2 GHz up to 4.6 GHz, 8GB RAM, 1TB HDD, DVD-Writer, Windows 10 Pro",849,https://www.amazon.com//VCI-Lenovo-ThinkCentre-M720s-DVD-Writer/dp/B083TKLQWB/ref=sr_1_38?dchild=1&keywords=Lenovo+Desktop&qid=1619421897&sr=8-38,"VISION COMPUTERS, INC.",4.6,Core i7
