Product Name,Product Price,Product URL,Ratings,Brand,Hardware Interface,Memory
Apricorn 500GB Aegis Padlock USB 3.0 256-bit AES XTS Hardware Encrypted Portable External Hard Drive (A25-3PL256-500),155.14,https://www.amazon.com//gp/slredirect/picassoRedirect.html/ref=pa_sp_mtf_aps_sr_pg2_1?ie=UTF8&adId=A0733579VNCT2BDFPYJ8&url=%2FApricorn-Hardware-Encrypted-Portable-A25-3PL256-500%2Fdp%2FB007JGB0BQ%2Fref%3Dsr_1_28_sspa%3Fdchild%3D1%26keywords%3DSeagate%2BHard%2BDrive%26qid%3D1619424557%26sr%3D8-28-spons%26psc%3D1&qualifier=1619424557&id=2053760944892977&widgetName=sp_mtf,4.6 out of 5 stars,Apricorn,USB,500 GB
Apricorn 30GB Aegis Secure Key FIPS 140-2 Level 3 Validated 256-bit Encryption USB 3.0 Flash Drive (ASK3-30GB),130.94,https://www.amazon.com//gp/slredirect/picassoRedirect.html/ref=pa_sp_mtf_aps_sr_pg1_1?ie=UTF8&adId=A072437138OGFCFH7WJG4&url=%2FApricorn-Validated-256-bit-Encryption-ASK3-30GB%2Fdp%2FB00XWPGKCW%2Fref%3Dsr_1_16_sspa%3Fdchild%3D1%26keywords%3DSeagate%2BHard%2BDrive%26qid%3D1619424467%26sr%3D8-16-spons%26psc%3D1&qualifier=1619424467&id=8829534904006922&widgetName=sp_mtf,4.4 out of 5 stars,Apricorn,USB 3.0,30 GB
"Crucial BX500 240GB 3D NAND SATA 2.5-Inch Internal SSD, up to 540MB/s - CT240BX500SSD1 Black/Blue",39.16,https://www.amazon.com//gp/slredirect/picassoRedirect.html/ref=pa_sp_atf_next_aps_sr_pg4_1?ie=UTF8&adId=A06931592MPV47WK4AZPS&url=%2FCrucial-BX500-240GB-2-5-Inch-Internal%2Fdp%2FB07G3YNLJB%2Fref%3Dsr_1_49_sspa%3Fdchild%3D1%26keywords%3DHP%2BHard%2BDrive%26qid%3D1619424003%26sr%3D8-49-spons%26psc%3D1&qualifier=1619424003&id=2041495442332814&widgetName=sp_atf_next,4.8 out of 5 stars,Crucial,SATA 6.0 Gb/s,240 GB
"Crucial X8 1TB Portable SSD – Up to 1050MB/s – USB 3.2 – External Solid State Drive, USB-C, USB-A – CT1000X8SSD9",124.95,https://www.amazon.com//gp/slredirect/picassoRedirect.html/ref=pa_sp_atf_aps_sr_pg1_1?ie=UTF8&adId=A00790321JIZSIB9JU9Y&url=%2FCrucial-1TB-Portable-SSD-USB%2Fdp%2FB07YD5TK4F%2Fref%3Dsr_1_1_sspa%3Fdchild%3D1%26keywords%3DSanDisk%2BHard%2BDrive%26qid%3D1619424208%26sr%3D8-1-spons%26psc%3D1&qualifier=1619424208&id=5706392565895059&widgetName=sp_atf,4.6 out of 5 stars,Crucial,USB 3.1 Type C,1 TB
EASTFUN 5Pcs 8GB USB Flash Drive USB 2.0 Flash Memory Stick Thumb Stick Pen(Five Mixed Colors: Blue Purple Rose Green Gold),12.99,https://www.amazon.com//gp/slredirect/picassoRedirect.html/ref=pa_sp_atf_next_aps_sr_pg2_1?ie=UTF8&adId=A027198021EWH9KPC5Y1H&url=%2FEASTFUN-Flash-Drive-Memory-Colors%2Fdp%2FB01CKT1DTA%2Fref%3Dsr_1_18_sspa%3Fdchild%3D1%26keywords%3DSanDisk%2BHard%2BDrive%26qid%3D1619424319%26sr%3D8-18-spons%26psc%3D1&qualifier=1619424319&id=2732120363140113&widgetName=sp_atf_next,4.6 out of 5 stars,EASTFUN,USB 2.0,8 GB
"Fantom Drives 5TB Internal Hard Drive Upgrade Kit with Seagate Barracuda ST5000LM000, 2.5"", 15mm, 5400RPM, 128MB Cache",152.09,https://www.amazon.com//gp/slredirect/picassoRedirect.html/ref=pa_sp_btf_aps_sr_pg2_1?ie=UTF8&adId=A055399427QSW3TYLOFV1&url=%2FFantom-Drives-Barracuda-ST5000LM000-Converter%2Fdp%2FB07NX8RKH4%2Fref%3Dsr_1_38_sspa%3Fdchild%3D1%26keywords%3DSeagate%2BHard%2BDrive%26qid%3D1619424557%26sr%3D8-38-spons%26psc%3D1&qualifier=1619424557&id=2053760944892977&widgetName=sp_btf,4.3 out of 5 stars,Fantom Drives,SATA 6.0 Gb/s,5 TB
"G-Technology 2TB G-DRIVE mobile SSD Durable Portable External Storage - USB-C (USB 3.1), Up to 560 MB/s - 0G06054-1, black",299.95,https://www.amazon.com//G-Technology-0G06054-G-Drive-Portable-Storage/dp/B0765LJWFZ/ref=sr_1_61?dchild=1&keywords=Samsung+Hard+Drive&qid=1619425095&sr=8-61,4.8 out of 5 stars,G-Technology,"USB 3.0 Type A, USB 3.0 Type C",2 TB
"External Hard Drive 2TB, Portable Hard Drive External for PC, Laptop and Mac(red,2TB)",49.99,https://www.amazon.com//External-Hard-Drive-Portable-Laptop/dp/B08ZD5BKFX/ref=sr_1_34?dchild=1&keywords=Lenovo+Hard+Drive&qid=1619424013&sr=8-34,2.5 out of 5 stars,Generial,"USB, USB 2.0",2000 GB
"2TB External Hard Drive, Portable Hard Drive External Type-C/USB 2.0 HDD for Mac Laptop PC(2TB-red)",49.99,https://www.amazon.com//gp/slredirect/picassoRedirect.html/ref=pa_sp_mtf_aps_sr_pg3_1?ie=UTF8&adId=A10347561OR8NDFR12CMP&url=%2FExternal-Portable-Type-C-Laptop-2TB-red%2Fdp%2FB08V1CGBGW%2Fref%3Dsr_1_44_sspa%3Fdchild%3D1%26keywords%3DSamsung%2BHard%2BDrive%26qid%3D1619424971%26sr%3D8-44-spons%26psc%3D1%26smid%3DA1ZKQUNDQVVQG1&qualifier=1619424971&id=4502360763175844&widgetName=sp_mtf,5.0 out of 5 stars,Genericn,"USB, USB 2.0",2000 GB
"External Hard Drive 2TB, Portable Hard Drive External for PC, Laptop and Mac (2TB, Silver)",49.99,https://www.amazon.com//gp/slredirect/picassoRedirect.html/ref=pa_sp_btf_aps_sr_pg1_1?ie=UTF8&adId=A05665993TYZHI09142D5&url=%2FExternal-Drive-Portable-Laptop-Silver%2Fdp%2FB08TWJXWB5%2Fref%3Dsr_1_19_sspa%3Fdchild%3D1%26keywords%3DHP%2BHard%2BDrive%26qid%3D1619423770%26sr%3D8-19-spons%26psc%3D1%26smid%3DA1ZKQUNDQVVQG1&qualifier=1619423770&id=7476227923822197&widgetName=sp_btf,4.0 out of 5 stars,Genericn,"USB, USB 2.0",2000 GB
"2TB External Hard Drive, Portable Hard Drive External Type-C/USB 2.0 HDD for Mac Laptop PC(2TB-Blue)",49.99,https://www.amazon.com//gp/slredirect/picassoRedirect.html/ref=pa_sp_mtf_aps_sr_pg3_1?ie=UTF8&adId=A0301965185C1JRK5NI84&url=%2FExternal-Portable-Type-C-Laptop-2TB-Blue%2Fdp%2FB08VJ7TYCX%2Fref%3Dsr_1_43_sspa%3Fdchild%3D1%26keywords%3DSamsung%2BHard%2BDrive%26qid%3D1619424971%26sr%3D8-43-spons%26psc%3D1&qualifier=1619424971&id=4502360763175844&widgetName=sp_mtf,3.3 out of 5 stars,Genericn,"USB, USB 2.0",2000 GB
HP 3.5-Inch 4000 GB Hot-Swap 2 MB Cache Internal Hard Drive 693687-B21,290.82,https://www.amazon.com//HP-3-5-Inch-Hot-Swap-Internal-693687-B21/dp/B00BIZ8G16/ref=sr_1_23?dchild=1&keywords=HP+Hard+Drive&qid=1619423842&sr=8-23,5.0 out of 5 stars,HP,SATA 6.0 Gb/s,4 TB
"HP 146GB 6G SAS 15K RPM SFF (2.5"") SC Enterprise Hard Drive (652605-B21)",40,https://www.amazon.com//HP-146GB-Enterprise-Drive-652605-B21/dp/B007KWX89Q/ref=sr_1_35?dchild=1&keywords=HP+Hard+Drive&qid=1619423942&sr=8-35,5.0 out of 5 stars,HP,SAS,146 GB
HP 626162-001 HP 1TB 3G 7.2K 2.5 SATA Hard Drive,97,https://www.amazon.com//626162-001-7-2K-SATA-HARD-DRIVE/dp/B014RO1SMS/ref=sr_1_51?dchild=1&keywords=HP+Hard+Drive&qid=1619423942&sr=8-51,5.0 out of 5 stars,HP,SATA,1000 GB
"HP SSD S700 Pro 2.5"" 512GB SATA III 3D NAND Internal Solid State Drive (SSD) 2AP99AA#ABL",69.99,https://www.amazon.com//HP-2AP99AAABL-512GB-Retail-2AP99AA/dp/B0714G3RJM/ref=sr_1_31?dchild=1&keywords=HP+Hard+Drive&qid=1619423842&sr=8-31,4.7 out of 5 stars,HP,SATA 6.0 Gb/s,512 GB
"HP 652583-B21 - 600GB 2.5"" SAS 10K 6Gb/s SC Enterprise Hard Drive",69,https://www.amazon.com//HP-652583-B21-600GB-Enterprise-Drive/dp/B00OV8TSI2/ref=sr_1_35?dchild=1&keywords=HP+Hard+Drive&qid=1619423842&sr=8-35,4.5 out of 5 stars,HP,SAS,600 GB
1TB SATA Internal Laptop Hard Drive/HDD for HP Pavilion 15 17 DM4 DV2100 DV2500 DV3 DV4 DV4 DV4T DV5 DV6 DV6000 DV6100 DV6500 DV6600 DV6700 DV6800 DV7 DV9000 DV9100 DV9500 DV9700 G4 G6 G7 dv2000,48.69,https://www.amazon.com//Internal-Laptop-Pavilion-DV2100-DV2500/dp/B00TOMPJ5G/ref=sr_1_32?dchild=1&keywords=HP+Hard+Drive&qid=1619423842&sr=8-32,4.4 out of 5 stars,HP,SATA 6.0 Gb/s,1 TB
HP 1 Tb 2.5-Inch Internal Hard Drive 652749-B21,274,https://www.amazon.com//HP-2-5-Inch-Internal-Drive-652749-B21/dp/B007KWX97C/ref=sr_1_4?dchild=1&keywords=HP+Hard+Drive&qid=1619423770&sr=8-4,4.2 out of 5 stars,HP,SAS,1 TB
"HP Enterprise 1.8TB 12gb/s SAS 10K 2.5-inch MSA 512e Hard Drive, J9F49A",352.56,https://www.amazon.com//J9F49A-HP-1-8-TB-12G-512e/dp/B01BK7FUH4/ref=sr_1_40?dchild=1&keywords=HP+Hard+Drive&qid=1619423942&sr=8-40,,HP,SAS,2 TB
"Kingston 480GB A400 SATA 3 2.5"" Internal SSD SA400S37/480G - HDD Replacement for Increase Performance",54.99,https://www.amazon.com//Kingston-480GB-Solid-SA400S37-480G/dp/B01N0TQPQB/ref=sr_1_52?dchild=1&keywords=Samsung+Hard+Drive&qid=1619424971&sr=8-52,4.8 out of 5 stars,Kingston,SATA 3.0 Gb/s,480 GB
"LaCie Rugged Mini 1TB External Hard Drive Portable HDD – USB 3.0 USB 2.0 compatible, Drop Shock Dust Rain Resistant Shuttle Drive, For Mac And PC Computer Desktop Workstation PC Laptop (LAC301558)",69.99,https://www.amazon.com//gp/slredirect/picassoRedirect.html/ref=pa_sp_atf_next_aps_sr_pg3_1?ie=UTF8&adId=A0477659LCSLVAIFW7RO&url=%2FLaCie-Rugged-External-Drive-Portable%2Fdp%2FB0058VIWTM%2Fref%3Dsr_1_33_sspa%3Fdchild%3D1%26keywords%3DSeagate%2BHard%2BDrive%26qid%3D1619424632%26sr%3D8-33-spons%26psc%3D1&qualifier=1619424632&id=5333274938865727&widgetName=sp_atf_next,4.7 out of 5 stars,LaCie,USB 3.0,1 TB
"leizhan 64GB USB C Flash Drive for Android Phone,USB 3.0 Type C Memory Stick for Samsung Galaxy S10,S9, Note 9, S8, S8 Plus,Google Pixel XL, Blue",15.99,https://www.amazon.com//gp/slredirect/picassoRedirect.html/ref=pa_sp_mtf_aps_sr_pg4_1?ie=UTF8&adId=A04701173KQ8INC34XL6I&url=%2Fleizhan-Android-Memory-Samsung-Galaxy%2Fdp%2FB07SWC1QB6%2Fref%3Dsr_1_60_sspa%3Fdchild%3D1%26keywords%3DSamsung%2BHard%2BDrive%26qid%3D1619425095%26sr%3D8-60-spons%26psc%3D1&qualifier=1619425095&id=1240216539071610&widgetName=sp_mtf,4.1 out of 5 stars,Leizhan,USB 3.0,64 GB
"Phone Picture Stick 128GB, Micro-USB 3.0 USB Flash Drive for Samsung Galaxy S7/S6/S5/S4/S3/Note5/4/3/2/Meizu/HTC/Nokia/Moto/Huawei/Xiaomi,Green",23.99,https://www.amazon.com//gp/slredirect/picassoRedirect.html/ref=pa_sp_btf_aps_sr_pg2_1?ie=UTF8&adId=A03001391WVOFPKSD8Z93&url=%2FPicture-Micro-USB-Samsung-Galaxy-Huawei%2Fdp%2FB07MFPG6Z7%2Fref%3Dsr_1_37_sspa%3Fdchild%3D1%26keywords%3DSanDisk%2BHard%2BDrive%26qid%3D1619424319%26sr%3D8-37-spons%26psc%3D1&qualifier=1619424319&id=2732120363140113&widgetName=sp_btf,3.9 out of 5 stars,Leizhan,USB 3.0,128 GB
"Maxone 500GB Ultra Slim Portable External Hard Drive HDD USB 3.0 for PC, Mac, Laptop, PS4, Xbox one - Rose Pink",38.49,https://www.amazon.com//Portable-External-Drives-Desktop-Chromebook/dp/B07BCP5L2B/ref=sr_1_29?dchild=1&keywords=HP+Hard+Drive&qid=1619423842&sr=8-29,4.6 out of 5 stars,Maxone,USB 3.0,500 GB
"Maxone 1TB Ultra Slim Portable External Hard Drive HDD USB 3.0 for PC, Mac, Laptop, PS4, Xbox one - Charcoal Grey",52.99,https://www.amazon.com//1000GB-Portable-External-Desktop-Chromebook/dp/B07C812LHQ/ref=sr_1_24?dchild=1&keywords=Samsung+Hard+Drive&qid=1619424861&sr=8-24,4.6 out of 5 stars,Maxone,USB 3.0,1 TB
ORICO Toolfree USB 3.0 to SATA External 3.5 Hard Drive Enclosure Case for 3.5 SATA HDD and SSD[Support UASP and 16TB Drives],19.99,https://www.amazon.com//gp/slredirect/picassoRedirect.html/ref=pa_sp_mtf_aps_sr_pg2_1?ie=UTF8&adId=A0254158RVAHMFIKHPKW&url=%2FORICO-Toolfree-External-Enclosure-Support%2Fdp%2FB00GAML7OK%2Fref%3Dsr_1_27_sspa%3Fdchild%3D1%26keywords%3DSeagate%2BHard%2BDrive%26qid%3D1619424557%26sr%3D8-27-spons%26psc%3D1&qualifier=1619424557&id=2053760944892977&widgetName=sp_mtf,4.6 out of 5 stars,ORICO,"SATA 3.0 Gb/s, SATA 6.0 Gb/s, SATA 1.5 Gb/s",8000 GB
ORICO 1TB Mini M.2 NVME Portable SSD Hard Drive External Solid State Drives Up to 940MB/s with 3D NAND/USB 3.1 Gen 2 Type C for PC Laptop Mac Phones and More (SSD Included)-GV100,162.99,https://www.amazon.com//ORICO-Portable-External-Drives-Laptop/dp/B081LDYFL3/ref=sr_1_35?dchild=1&keywords=SanDisk+Hard+Drive&qid=1619424319&sr=8-35,4.5 out of 5 stars,ORICO,USB,1000 GB
"ORICO SATA to USB 3.0 External Hard Drive Lay-Flat Docking Station for 2.5"" or 3.5"" HDD/SSD - Supports up to 8TB Drive",25.99,https://www.amazon.com//gp/slredirect/picassoRedirect.html/ref=pa_sp_mtf_aps_sr_pg1_1?ie=UTF8&adId=A016805118V8IK89DNO6X&url=%2FORICO-External-Lay-Flat-Docking-Station%2Fdp%2FB00CBPB4PM%2Fref%3Dsr_1_15_sspa%3Fdchild%3D1%26keywords%3DSanDisk%2BHard%2BDrive%26qid%3D1619424208%26sr%3D8-15-spons%26psc%3D1&qualifier=1619424208&id=5706392565895059&widgetName=sp_mtf,4.3 out of 5 stars,ORICO,SATA,8 TB
RAOYI 10 Pack 8GB Swivel USB Flash Drive Metal Thumb Drives Pen Drive USB 2.0 Bulk Flash Drive Memory Stick(Mixed-Color),26.99,https://www.amazon.com//gp/slredirect/picassoRedirect.html/ref=pa_sp_atf_next_aps_sr_pg3_1?ie=UTF8&adId=A087024824Y8JJDUFSVBG&url=%2FRAOYI-Swivel-Drives-Memory-Colors%2Fdp%2FB01NCSLLHQ%2Fref%3Dsr_1_33_sspa%3Fdchild%3D1%26keywords%3DSanDisk%2BHard%2BDrive%26qid%3D1619424437%26sr%3D8-33-spons%26psc%3D1&qualifier=1619424437&id=7301655244006233&widgetName=sp_atf_next,4.6 out of 5 stars,RAOYI,USB 2.0,8 GB
"RAVPower Portable External SSD Pro, 1TB Hard Drive with 540MB/S Data Transfer, NAND Flash, USB 3.1 Gen 2 Interface, ATA Lock, Mini USB C Solid State Drive",149.99,https://www.amazon.com//RAVPower-Portable-External-Pro-Interface/dp/B086S5KJB1/ref=sr_1_12?dchild=1&keywords=SanDisk+Hard+Drive&qid=1619424208&sr=8-12,4.6 out of 5 stars,RAVPower,USB 3.1 Type C,1 TB
"Sabrent USB 3.0 to SATA I/II/III Dual Bay External Hard Drive Docking Station for 2.5 or 3.5in HDD, SSD with Hard Drive Duplicator/Cloner Function [10TB Support] (EC-HD2B)",34.98,https://www.amazon.com//gp/slredirect/picassoRedirect.html/ref=pa_sp_btf_aps_sr_pg1_1?ie=UTF8&adId=A02148346PK9CQJS8DX6&url=%2FSabrent-External-Duplicator-Function-EC-HD2B%2Fdp%2FB0759567JT%2Fref%3Dsr_1_21_sspa%3Fdchild%3D1%26keywords%3DSanDisk%2BHard%2BDrive%26qid%3D1619424208%26sr%3D8-21-spons%26psc%3D1%26smid%3DA29Y8OP2GPR7PE&qualifier=1619424208&id=5706392565895059&widgetName=sp_btf,4.6 out of 5 stars,SABRENT,USB,10 TB
Sabrent Rocket Nano 1TB USB 3.2 10Gb/s External Aluminum SSD (Black) (SB-1TB-NANO-BLK),149.98,https://www.amazon.com//Sabrent-Rocket-External-Aluminum-SB-1TB-NANO-BLK/dp/B07XL6BMFP/ref=sr_1_36?dchild=1&keywords=SanDisk+Hard+Drive&qid=1619424319&sr=8-36,4.5 out of 5 stars,SABRENT,"USB 3.0 Type A, USB Type C",1 TB
"SAMSUNG T7 Portable SSD 1TB - Up to 1050MB/s - USB 3.2 External Solid State Drive, Blue (MU-PC1T0H/AM)",159.99,https://www.amazon.com//SAMSUNG-Portable-SSD-1TB-MU-PC1T0H/dp/B0874YJP92/ref=sr_1_22?dchild=1&keywords=SanDisk+Hard+Drive&qid=1619424319&sr=8-22,4.8 out of 5 stars,SAMSUNG,USB,1 TB
Samsung T5 500GB USB 3.1 Pocket Size Portable External SSD (Blue),91.99,https://www.amazon.com//Samsung-500GB-Portable-Solid-State/dp/B074WZJ4MF/ref=sr_1_14?dchild=1&keywords=Samsung+Hard+Drive&qid=1619424719&sr=8-14,4.8 out of 5 stars,SAMSUNG,USB 3.0,500 GB
"SAMSUNG 860 EVO 1TB 2.5-Inch SATA III Internal SSD (MZ-76E1T0E), 1 TB",129.49,https://www.amazon.com//Samsung-860-EVO-1000GB-Serial/dp/B079W9STXH/ref=sr_1_20?dchild=1&keywords=Samsung+Hard+Drive&qid=1619424719&sr=8-20,4.8 out of 5 stars,SAMSUNG,"SATA 3.0 Gb/s, SATA 6.0 Gb/s, SATA 1.5 Gb/s",1 TB
"Samsung 860 QVO 1TB Solid State Drive (MZ-76Q1T0B/AM) V-NAND, SATA 6Gb/s, Quality and Value Optimized SSD",120.61,https://www.amazon.com//Samsung-Inch-Internal-MZ-76Q1T0B-AM/dp/B07L3D19MY/ref=sr_1_20?dchild=1&keywords=Samsung+Hard+Drive&qid=1619424861&sr=8-20,4.8 out of 5 stars,SAMSUNG,SATA 6.0 Gb/s,1 TB
"Samsung 860 EVO MZ-76E500E 500 GB Solid State Drive - SATA (SATA/600) - 2.5"" Drive - Internal - 550 MB/s Maximum Read Transfer Rate - 520 MB/s Maximum Write Transfer Rate - 256-bit Encryption Standard",70.55,https://www.amazon.com//Samsung-860-EVO-500GB-SSD/dp/B07937HDJM/ref=sr_1_29?dchild=1&keywords=Samsung+Hard+Drive&qid=1619424861&sr=8-29,4.8 out of 5 stars,SAMSUNG,"SATA 6.0 Gb/s, SATA 1.5 Gb/s",500 GB
SAMSUNG 980 PRO 1TB PCIe NVMe Gen4 Internal Gaming SSD M.2 (MZ-V8P1T0B),199.99,https://www.amazon.com//SAMSUNG-PCIe-Internal-Gaming-MZ-V8P1T0B/dp/B08GLX7TNT/ref=sr_1_33?dchild=1&keywords=Samsung+Hard+Drive&qid=1619424861&sr=8-33,4.8 out of 5 stars,SAMSUNG,SSD,1 TB
"SAMSUNG 870 QVO SATA III 2.5"" SSD 8TB (MZ-77Q8T0B)",799.99,https://www.amazon.com//SAMSUNG-870-QVO-SATA-MZ-77Q8T0B/dp/B089C3TZL9/ref=sr_1_35?dchild=1&keywords=Samsung+Hard+Drive&qid=1619424971&sr=8-35,4.8 out of 5 stars,SAMSUNG,SSD,8 TB
Samsung 860 PRO 1TB 2.5 Inch SATA III Internal SSD (MZ-76P1T0E),217.93,https://www.amazon.com//Samsung-Inch-SATA-Internal-MZ-76P1T0E/dp/B0793CV53Q/ref=sr_1_39?dchild=1&keywords=Samsung+Hard+Drive&qid=1619424971&sr=8-39,4.8 out of 5 stars,SAMSUNG,"SATA 3.0 Gb/s, SATA 6.0 Gb/s",1 TB
Samsung T5 Portable SSD 1TB - USB 3.1 External Solid State Drive with V-NAND Flash Memory Technology (MU-PA1T0R/WW) - Metallic Red,194.5,https://www.amazon.com//Samsung-T5-Portable-SSD-MU-PA1T0R/dp/B07NSLYC9X/ref=sr_1_46?dchild=1&keywords=Samsung+Hard+Drive&qid=1619424971&sr=8-46,4.8 out of 5 stars,SAMSUNG,USB,1 TB
Samsung MU-PA2T0B 2 TB External Solid State Drive - Portable - USB 3.1 Type C,403.89,https://www.amazon.com//Samsung-MU-PA2T0B-External-Solid-State/dp/B074MCNDSK/ref=sr_1_52?dchild=1&keywords=Samsung+Hard+Drive&qid=1619425095&sr=8-52,4.8 out of 5 stars,SAMSUNG,USB 3.0,2000 GB
Samsung 850 EVO 500GB 2.5-Inch SATA III Internal SSD (MZ-75E500B/AM),171,https://www.amazon.com//Samsung-2-5-Inch-Internal-MZ-75E500B-AM/dp/B00OBRE5UE/ref=sr_1_56?dchild=1&keywords=Samsung+Hard+Drive&qid=1619425095&sr=8-56,4.8 out of 5 stars,Samsung,SATA 6.0 Gb/s,500 GB
"SAMSUNG T7 Touch Portable SSD 500GB - Up to 1050MB/s - USB 3.2 External Solid State Drive, Black (MU-PC500K/WW)",109.99,https://www.amazon.com//Samsung-Touch-Portable-SSD-MU-PC500K/dp/B082YHBYNJ/ref=sr_1_4?dchild=1&keywords=Samsung+Hard+Drive&qid=1619424719&sr=8-4,4.7 out of 5 stars,SAMSUNG,USB 3.1 Type C,500 GB
Samsung 860 EVO 250GB 2.5-Inch SATA III Internal SSD (MZ-76E250E),54.85,https://www.amazon.com//Samsung-250GB-2-5-Inch-Internal-MZ-76E250E/dp/B0793FNNP6/ref=sr_1_26?dchild=1&keywords=Samsung+Hard+Drive&qid=1619424861&sr=8-26,4.7 out of 5 stars,SAMSUNG,SATA 6.0 Gb/s,250 GB
Samsung 860 EVO 2TB 2.5-Inch SATA III Internal SSD,249.99,https://www.amazon.com//Samsung-860-EVO-2TB-MZ-76E2T0E/dp/B07935Q2TS/ref=sr_1_12?dchild=1&keywords=Samsung+Hard+Drive&qid=1619424719&sr=8-12,4.6 out of 5 stars,SAMSUNG,SATA 6.0 Gb/s,2 TB
"SAMSUNG X5 Portable SSD 500GB - Up to 2800MB/s -Thunderbolt 3 NVMe External Solid State Drive, Gray/Red (MU-PB500B/AM)",199.99,https://www.amazon.com//Samsung-Portable-SSD-Thunderbolt-MU-PB500B/dp/B07GBGG68L/ref=sr_1_33?dchild=1&keywords=SanDisk+Hard+Drive&qid=1619424319&sr=8-33,4.5 out of 5 stars,SAMSUNG,Thunderbolt,500 GB
"SAMSUNG X5 Portable SSD 2TB - Up to 2800MB/s -Thunderbolt 3 NVMe External Solid State Drive, Gray/Red (MU-PB2T0B/AM)",549.99,https://www.amazon.com//Samsung-Portable-SSD-Thunderbolt-MU-PB2T0B/dp/B07GBTY82P/ref=sr_1_19?dchild=1&keywords=Samsung+Hard+Drive&qid=1619424861&sr=8-19,4.5 out of 5 stars,SAMSUNG,Thunderbolt,2 TB
"Samsung 860 EVO 1TB 2.5 Inch SATA III Internal SSD (MZ-76E1T0B/AM) & Corsair Dual SSD Mounting Bracket 3.5"" Bundle",115.98,https://www.amazon.com//Samsung-Internal-MZ-76E1T0B-Corsair-Mounting/dp/B079NZV4XX/ref=sr_1_22?dchild=1&keywords=Samsung+Hard+Drive&qid=1619424861&sr=8-22,4.8 out of 5 stars,Samsung Electronics,SATA 6.0 Gb/s,1 TB
Samsung 850 EVO 500GB 2.5-Inch SATA III Internal SSD (MZ-75E500B/EU),179.99,https://www.amazon.com//Samsung-2-5-Inch-Internal-MZ-75E500B-EU/dp/B00P73B1E4/ref=sr_1_36?dchild=1&keywords=Samsung+Hard+Drive&qid=1619424861&sr=8-36,4.8 out of 5 stars,Samsung Electronics,SATA 6.0 Gb/s,500 GB
"Samsung 860 EVO 2 TB 2.5 Inch SATA III Internal SSD (MZ-76E 2TB/AM) & Corsair Dual SSD Mounting Bracket 3.5"" CSSD-BRKT2",215.98,https://www.amazon.com//Samsung-Internal-MZ-76E2T0B-Corsair-Mounting/dp/B079NKL5RW/ref=sr_1_36?dchild=1&keywords=Samsung+Hard+Drive&qid=1619424971&sr=8-36,4.8 out of 5 stars,Samsung Electronics,SATA 6.0 Gb/s,2 TB
Samsung Electronics 840 EVO-Series 120GB 2.5-Inch SATA III Single Unit Version Internal Solid State Drive MZ-7TE120BW,198.89,https://www.amazon.com//Samsung-Electronics-2-5-Inch-Internal-MZ-7TE120BW/dp/B00E3W15P0/ref=sr_1_48?dchild=1&keywords=Samsung+Hard+Drive&qid=1619424971&sr=8-48,4.7 out of 5 stars,Samsung Electronics,SATA 6.0 Gb/s,120 GB
Samsung 850 PRO - 256GB - 2.5-Inch SATA III Internal SSD (MZ-7KE256BW),168,https://www.amazon.com//Samsung-850-PRO-2-5-Inch-MZ-7KE256BW/dp/B00LMXBOP4/ref=sr_1_54?dchild=1&keywords=Samsung+Hard+Drive&qid=1619425095&sr=8-54,4.7 out of 5 stars,Samsung Electronics,SATA 6.0 Gb/s,256 GB
Seagate Momentus 1 TB 2.5-Inch SATA III 5400 RPM 8MB Cache Hard Drive Bare (ST1000LM024),46.9,https://www.amazon.com//Seagate-Momentus-2-5-Inch-Cache-ST1000LM024/dp/B007NVGWV0/ref=sr_1_15?dchild=1&keywords=Samsung+Hard+Drive&qid=1619424719&sr=8-15,4.5 out of 5 stars,Samsung Electronics,SATA 3.0 Gb/s,1 TB
"SanDisk 500GB Extreme Portable External SSD - USB-C, USB 3.1 - SDSSDE60-500G-G25 & AmazonBasics External Hard Drive Portable Carrying Case",89.74,https://www.amazon.com//SanDisk-500GB-Extreme-Portable-External/dp/B07TW9TT8Z/ref=sr_1_3?dchild=1&keywords=SanDisk+Hard+Drive&qid=1619424208&sr=8-3,4.8 out of 5 stars,SanDisk,"SSD, USB",500 GB
"SanDisk 1TB Extreme PRO Portable External SSD - Up to 1050MB/s - USB-C, USB 3.1 - SDSSDE80-1T00-A25",179.99,https://www.amazon.com//SanDisk-Extreme-Portable-External-SDSSDE80-1T00-A25/dp/B07YFGSDQR/ref=sr_1_4?dchild=1&keywords=SanDisk+Hard+Drive&qid=1619424208&sr=8-4,4.8 out of 5 stars,SanDisk,"USB 3.1 Type A, USB 3.1 Type C",1 TB
"SanDisk Ultra 3D NAND 500GB Internal SSD - SATA III 6 Gb/s, 2.5 Inch /7 mm, Up to 560 MB/s - SDSSDH3-500G-G25",64.99,https://www.amazon.com//SanDisk-Ultra-NAND-500GB-Internal/dp/B072R78B6Q/ref=sr_1_5?dchild=1&keywords=SanDisk+Hard+Drive&qid=1619424208&sr=8-5,4.8 out of 5 stars,SanDisk,SATA 6.0 Gb/s,500 GB
"SanDisk 1TB Extreme PRO Portable SSD - Up to 2000MB/s - USB-C, USB 3.2 Gen 2x2 - External Solid State Drive - SDSSDE81-1T00-G25",199.99,https://www.amazon.com//SanDisk-1TB-Extreme-Portable-SDSSDE81-1T00-G25/dp/B08GV9M64L/ref=sr_1_13?dchild=1&keywords=Samsung+Hard+Drive&qid=1619424719&sr=8-13,4.8 out of 5 stars,SanDisk,USB Type C,1 TB
"SanDisk SSD PLUS 120GB Internal SSD - SATA III 6 Gb/s, 2.5""/7mm, Up to 530 MB/s - SDSSDA-120G-G27",38.44,https://www.amazon.com//SanDisk-120GB-Solid-State-SDSSDA-120G-G27/dp/B07621PNWC/ref=sr_1_7?dchild=1&keywords=SanDisk+Hard+Drive&qid=1619424208&sr=8-7,4.7 out of 5 stars,SanDisk,SATA 6.0 Gb/s,120 GB
SanDisk SSD Plus 120GB Solid State Drive - SDSSDA-120G-G26,39.28,https://www.amazon.com//SanDisk-120GB-Solid-State-Drive/dp/B01F9G414U/ref=sr_1_23?dchild=1&keywords=SanDisk+Hard+Drive&qid=1619424319&sr=8-23,4.7 out of 5 stars,SanDisk,SATA 6.0 Gb/s,120 GB
SanDisk Extreme PRO 240GB SATA 6.0Gb/s 2.5-Inch 7mm Height Solid State Drive (SSD),89.99,https://www.amazon.com//SanDisk-Extreme-240GB-2-5-Inch-Height/dp/B00KHRYRNM/ref=sr_1_24?dchild=1&keywords=SanDisk+Hard+Drive&qid=1619424319&sr=8-24,4.7 out of 5 stars,SanDisk,SATA 6.0 Gb/s,240 GB
SanDisk SSD Plus 120GB 2.5-Inch SDSSDA-120G-G25 (Old Version),39.99,https://www.amazon.com//SanDisk-120GB-2-5-Inch-SDSSDA-120G-G25-Version/dp/B00S9Q9UKS/ref=sr_1_18?dchild=1&keywords=SanDisk+Hard+Drive&qid=1619424208&sr=8-18,4.6 out of 5 stars,SanDisk,SATA 6.0 Gb/s,120 GB
"SanDisk SSD Plus 120GB Internal SSD (Bulk 2 Pack) SATA III 6 Gb/s, 2.5""/7mm (SDSSDA-120G-G27) Solid State Drive Bundle with (2) Everything But Stromboli USB 3.0 SSD Enclosures",101.61,https://www.amazon.com//SanDisk-SDSSDA-120G-G27-Everything-Stromboli-Enclosures/dp/B08CBKR6CV/ref=sr_1_25?dchild=1&keywords=SanDisk+Hard+Drive&qid=1619424319&sr=8-25,4.5 out of 5 stars,SanDisk,SSD,120 GB
"SanDisk SSD Plus 120GB Internal SSD (10 Pack) - SATA III 6 Gb/s, 2.5""/7mm - (SDSSDA-120G-G27) Solid State Drive Bundle with (1) Everything But Stromboli Magnetic Screwdriver and Microfiber Cloth",439.33,https://www.amazon.com//SanDisk-Plus-120GB-Internal-Bundle/dp/B07Q8TN3B8/ref=sr_1_14?dchild=1&keywords=SanDisk+Hard+Drive&qid=1619424208&sr=8-14,4.4 out of 5 stars,SanDisk,SATA 6.0 Gb/s,120 GB
SanDisk Extreme 500 Portable SSD 1TB SDSSDEXT-1T00-G25,199.9,https://www.amazon.com//SanDisk-Extreme-500-Portable-SDSSDEXT-1T00-G25/dp/B01MZI4Y51/ref=sr_1_13?dchild=1&keywords=SanDisk+Hard+Drive&qid=1619424208&sr=8-13,4.2 out of 5 stars,SanDisk,USB 2.0,8 GB
SanDisk Ultra II 960GB Solid State Drive (SDSSDHII-960G-G25),139.99,https://www.amazon.com//SanDisk-Ultra-960GB-Solid-SDSSDHII-960G-G25/dp/B00M8ABHVQ/ref=sr_1_30?dchild=1&keywords=SanDisk+Hard+Drive&qid=1619424319&sr=8-30,4.2 out of 5 stars,SanDisk,SATA 3.0 Gb/s,960 GB
SanDisk Extreme 900 Portable 960GB SSD (SDSSDEX2-960G-G25),299.99,https://www.amazon.com//SanDisk-Extreme-Portable-960GB-SDSSDEX2-960G-G25/dp/B01127E6P4/ref=sr_1_20?dchild=1&keywords=SanDisk+Hard+Drive&qid=1619424319&sr=8-20,4.1 out of 5 stars,SanDisk,SSD,960 GB
"SanDisk 128GB iXpand Flash Drive for iPhone and iPad - SDIX30C-128G-GN6NE & WD 2TB Elements Portable External Hard Drive, USB 3.0, Compatible with PC, Mac, PS4 & Xbox - WDBU6Y0020BBK-WESN",105.98,https://www.amazon.com//SanDisk-128GB-iXpand-Flash-iPhone/dp/B08S8MRK2H/ref=sr_1_8?dchild=1&keywords=SanDisk+Hard+Drive&qid=1619424208&sr=8-8,,SanDisk,"USB 3.0, USB 2.0",2000 GB
"SanDisk SSD Plus 120GB Internal SSD SATA III 6 Gb/s 2.5""/7mm (SDSSDA-120G-G27) Solid State Drive Bundle with (1) Everything But Stromboli USB 3.0 SSD Enclosures",52.89,https://www.amazon.com//SanDisk-SDSSDA-120G-G27-Everything-Stromboli-Enclosures/dp/B08CBLG6PL/ref=sr_1_17?dchild=1&keywords=SanDisk+Hard+Drive&qid=1619424208&sr=8-17,,SanDisk,SSD,120 GB
"SanDisk SSD Plus 1TB Internal SSD - SATA III 6 Gb/s, 2.5""/7mm, Up to 535 MB/s - SDSSDA-1T00-G26 & Corsair Dual SSD Mounting Bracket 3.5"" CSSD-BRKT2, Black",105.98,https://www.amazon.com//SanDisk-SSD-Plus-Internal-SDSSDA-1T00-G26/dp/B08P6GQ4NZ/ref=sr_1_38?dchild=1&keywords=SanDisk+Hard+Drive&qid=1619424437&sr=8-38,,SanDisk,SSD,
"Seagate Barracuda Fast SSD 2TB External Solid State Drive Portable – USB-C USB 3.0 for PC, Mac, Xbox, & PS4-3-Year Rescue Service (STJM2000400)",249.99,https://www.amazon.com//gp/slredirect/picassoRedirect.html/ref=pa_sp_btf_aps_sr_pg1_1?ie=UTF8&adId=A06033293MVJXR6HWNFWJ&url=%2FSeagate-Barracuda-External-Solid-Portable%2Fdp%2FB083FFTX9D%2Fref%3Dsr_1_22_sspa%3Fdchild%3D1%26keywords%3DSanDisk%2BHard%2BDrive%26qid%3D1619424208%26sr%3D8-22-spons%26psc%3D1&qualifier=1619424208&id=5706392565895059&widgetName=sp_btf,4.8 out of 5 stars,Seagate,USB 3.0,2 TB
"Seagate Game Drive for Xbox 500GB SSD External Solid State Drive, Portable USB 3.0 – Designed for Xbox One, 2 Month Xbox Game Pass Membership, 1 Year Rescue Service (STHB500401)",118.99,https://www.amazon.com//Seagate-Portable-Drive-Xbox-Console-compatible-USB-STHB500401/dp/B07HPC8TD6/ref=sr_1_37?dchild=1&keywords=SanDisk+Hard+Drive&qid=1619424437&sr=8-37,4.8 out of 5 stars,Seagate,USB 3.0,500 GB
Seagate Game Drive Hub 8TB External Hard Drive Desktop HDD with Dual USB Ports - Designed for Xbox One - 1-Year Rescue Service (STGG8000400),164.99,https://www.amazon.com//Seagate-Drive-Storage-Ports-STGG8000400/dp/B072QH2JCL/ref=sr_1_18?dchild=1&keywords=Seagate+Hard+Drive&qid=1619424467&sr=8-18,4.8 out of 5 stars,Seagate,USB 3.0,8 TB
"Seagate Game Drive for Xbox Halo - Master Chief LE 2TB External Hard Drive Portable HDD - USB 3.2 Gen 1 Designed for Xbox One, Xbox Series X, and Xbox Series S (STEA2000431)",92.49,https://www.amazon.com//gp/slredirect/picassoRedirect.html/ref=pa_sp_btf_aps_sr_pg1_1?ie=UTF8&adId=A00246183PGDNX1XR7TQB&url=%2FSeagate-Game-Drive-Xbox-Halo%2Fdp%2FB08KB1WW74%2Fref%3Dsr_1_22_sspa%3Fdchild%3D1%26keywords%3DSeagate%2BHard%2BDrive%26qid%3D1619424467%26sr%3D8-22-spons%26psc%3D1&qualifier=1619424467&id=8829534904006922&widgetName=sp_btf,4.8 out of 5 stars,Seagate,USB 3.0,2 TB
Seagate 1TB 5400RPM 128MB SATA 6Gb/s (7mm) 2.5in Internal Gaming Hard Drive (Works for PS4 Game Console),49.99,https://www.amazon.com//Seagate-5400RPM-Internal-Gaming-Console/dp/B08QV81W8C/ref=sr_1_38?dchild=1&keywords=Seagate+Hard+Drive&qid=1619424632&sr=8-38,4.8 out of 5 stars,Seagate,SATA 6.0 Gb/s,1 TB
"Seagate Game Drive For Xbox 2TB SSD External Solid State Drive, Portable USB 3.0 – Designed For Xbox One, 2 Month Xbox Game Pass Membership, 1-year Rescue Service (STHB2000401)",329.99,https://www.amazon.com//gp/slredirect/picassoRedirect.html/ref=pa_sp_atf_next_aps_sr_pg3_1?ie=UTF8&adId=A00228731LGKZ4C4USE56&url=%2FSeagate-Portable-Drive-Xbox-Console-compatible-USB-STHB2000401%2Fdp%2FB07HP5VWC7%2Fref%3Dsr_1_34_sspa%3Fdchild%3D1%26keywords%3DSamsung%2BHard%2BDrive%26qid%3D1619424971%26sr%3D8-34-spons%26psc%3D1&qualifier=1619424971&id=4502360763175844&widgetName=sp_atf_next,4.8 out of 5 stars,Seagate,USB 3.0,2 TB
Seagate Skyhawk 6TB Surveillance Internal Hard Drive HDD – 3.5 Inch SATA 6GB/s 256MB Cache for DVR NVR Security Camera System with Drive Health Management – Frustration Free Packaging (ST6000VX001),144.99,https://www.amazon.com//gp/slredirect/picassoRedirect.html/ref=pa_sp_mtf_aps_sr_pg1_1?ie=UTF8&adId=A09093602CZAPRB9MMIRK&url=%2FSeagate-Skyhawk-Surveillance-Hard-Drive%2Fdp%2FB07H28M89D%2Fref%3Dsr_1_14_sspa%3Fdchild%3D1%26keywords%3DHP%2BHard%2BDrive%26qid%3D1619423770%26sr%3D8-14-spons%26psc%3D1&qualifier=1619423770&id=7476227923822197&widgetName=sp_mtf,4.7 out of 5 stars,Seagate,SATA 6.0 Gb/s,6 TB
Seagate IronWolf 8TB NAS Internal Hard Drive HDD – 3.5 Inch SATA 6Gb/s 7200 RPM 256MB Cache for RAID Network Attached Storage – Frustration Free Packaging (ST8000VNZ04/N004),199.99,https://www.amazon.com//gp/slredirect/picassoRedirect.html/ref=pa_sp_mtf_aps_sr_pg2_1?ie=UTF8&adId=A0238199L8NJPJ6DOER8&url=%2FSeagate-IronWolf-Internal-Hard-Drive%2Fdp%2FB084ZV4DXB%2Fref%3Dsr_1_28_sspa%3Fdchild%3D1%26keywords%3DHP%2BHard%2BDrive%26qid%3D1619423842%26sr%3D8-28-spons%26psc%3D1&qualifier=1619423842&id=452233095668403&widgetName=sp_mtf,4.7 out of 5 stars,Seagate,SATA 6.0 Gb/s,8 TB
"Seagate One Touch SSD 1TB External Solid State Drive Portable – Black, USB 3.0 for PC Laptop and Mac, 1yr Mylio Create, 2 months Adobe CC Photography (STJE1000400)",134.99,https://www.amazon.com//Seagate-Touch-External-Solid-Portable/dp/B07WZKG9L6/ref=sr_1_19?dchild=1&keywords=SanDisk+Hard+Drive&qid=1619424208&sr=8-19,4.7 out of 5 stars,Seagate,"USB, USB Type C, USB 3.0",1 TB
Seagate BarraCuda 8TB Internal Hard Drive HDD – 3.5 Inch Sata 6 Gb/s 5400 RPM 256MB Cache for Computer Desktop PC – Frustration Free Packaging (ST8000DM004),139.99,https://www.amazon.com//gp/slredirect/picassoRedirect.html/ref=pa_sp_atf_aps_sr_pg1_1?ie=UTF8&adId=A03799802DG044FE84DKW&url=%2FSeagate-BarraCuda-Internal-Drive-3-5-Inch%2Fdp%2FB07H289S7C%2Fref%3Dsr_1_1_sspa%3Fdchild%3D1%26keywords%3DSeagate%2BHard%2BDrive%26qid%3D1619424467%26sr%3D8-1-spons%26psc%3D1&qualifier=1619424467&id=8829534904006922&widgetName=sp_atf,4.7 out of 5 stars,Seagate,SATA 6.0 Gb/s,8 TB
Seagate BarraCuda 2TB Internal Hard Drive HDD – 3.5 Inch SATA 6Gb/s 7200 RPM 256MB Cache 3.5-Inch – Frustration Free Packaging (ST2000DM008),52.99,https://www.amazon.com//Seagate-BarraCuda-Internal-Drive-3-5-Inch/dp/B07H2RR55Q/ref=sr_1_3?dchild=1&keywords=Seagate+Hard+Drive&qid=1619424467&sr=8-3,4.7 out of 5 stars,Seagate,SATA 6.0 Gb/s,2 TB
"Seagate One Touch 2TB External Hard Drive HDD – Black USB 3.0 for PC Laptop and Mac, 1 Year MylioCreate, 4 Months Adobe Creative Cloud Photography Plan (STKB2000412)",64.59,https://www.amazon.com//Seagate-Touch-External-Hard-Drive/dp/B08GQF2SGQ/ref=sr_1_8?dchild=1&keywords=Seagate+Hard+Drive&qid=1619424467&sr=8-8,4.7 out of 5 stars,Seagate,USB 3.0,2000 GB
Seagate Skyhawk 4TB Surveillance Internal Hard Drive HDD – 3.5 Inch SATA 6GB/s 64MB Cache for DVR NVR Security Camera System with Drive Health Management – Frustration Free Packaging (ST4000VX007),92.99,https://www.amazon.com//Seagate-Skyhawk-Surveillance-Hard-Drive/dp/B07H231394/ref=sr_1_9?dchild=1&keywords=Seagate+Hard+Drive&qid=1619424467&sr=8-9,4.7 out of 5 stars,Seagate,SATA 6.0 Gb/s,4 TB
"Seagate IronWolf Pro 14TB NAS Internal Hard Drive HDD – CMR 3.5 Inch SATA 6Gb/s 256MB Cache for RAID Network Attached Storage, Data Recovery Service – (ST14000NE0008)",454.99,https://www.amazon.com//gp/slredirect/picassoRedirect.html/ref=pa_sp_atf_next_aps_sr_pg2_1?ie=UTF8&adId=A071101527T89RZ41RUMC&url=%2FSeagate-IronWolf-7200RPM-256MB-3-5-Inch%2Fdp%2FB07H57WY2Z%2Fref%3Dsr_1_17_sspa%3Fdchild%3D1%26keywords%3DSeagate%2BHard%2BDrive%26qid%3D1619424557%26sr%3D8-17-spons%26psc%3D1&qualifier=1619424557&id=2053760944892977&widgetName=sp_atf_next,4.7 out of 5 stars,Seagate,SATA 6.0 Gb/s,14 TB
Seagate Expansion Desktop 4TB External Hard Drive HDD – USB 3.0 for PC Laptop (STEB4000100),94.99,https://www.amazon.com//Seagate-Expansion-Desktop-External-STEB4000100/dp/B00TKFEE8K/ref=sr_1_6?dchild=1&keywords=Seagate+Hard+Drive&qid=1619424467&sr=8-6,4.6 out of 5 stars,Seagate,USB 3.0,4 TB
Seagate Expansion Portable 1TB External Hard Drive HDD – USB 3.0 for PC Laptop (STEA1000400),47.99,https://www.amazon.com//Seagate-Expansion-Portable-External-STEA1000400/dp/B00TKFEEAS/ref=sr_1_10?dchild=1&keywords=Seagate+Hard+Drive&qid=1619424467&sr=8-10,4.6 out of 5 stars,Seagate,USB 3.0,1 TB
Seagate Backup Plus Hub 8TB Desktop Hard Drive with Rescue Data Recovery Services,168.9,https://www.amazon.com//Seagate-Backup-Desktop-Recovery-Services/dp/B07KFG2ZYN/ref=sr_1_19?dchild=1&keywords=Seagate+Hard+Drive&qid=1619424467&sr=8-19,4.6 out of 5 stars,Seagate,USB 3.0,8000 GB
"Seagate Exos x10 10TB SATA 6Gb/s 256MB Cache Enterprise Hard Drive 3.5"" (ST10000NM0086)",263.17,https://www.amazon.com//Seagate-256MB-Cache-Enterprise-ST10000NM0086/dp/B01LXXV880/ref=sr_1_20?dchild=1&keywords=Seagate+Hard+Drive&qid=1619424467&sr=8-20,4.6 out of 5 stars,Seagate,SATA 6.0 Gb/s,10 TB
Seagate SkyHawk 1TB Surveillance Hard Drive - Sata 6Gb/s 64MB Cache 3.5-Inch Internal Drive (ST1000VX005),52.46,https://www.amazon.com//Seagate-SkyHawk-Surveillance-Hard-Drive/dp/B01LOOJ8R6/ref=sr_1_51?dchild=1&keywords=Seagate+Hard+Drive&qid=1619424632&sr=8-51,4.6 out of 5 stars,Seagate,SATA 6.0 Gb/s,1 TB
Seagate BarraCuda 5TB Internal Hard Drive HDD – 2.5 Inch SATA 6Gb/s 5400 RPM 128MB Cache for Computer Desktop PC (ST5000LM000),187.93,https://www.amazon.com//Seagate-BarraCuda-Internal-2-5-Inch-ST5000LM000/dp/B01M0AADIX/ref=sr_1_23?dchild=1&keywords=Seagate+Hard+Drive&qid=1619424557&sr=8-23,4.5 out of 5 stars,Seagate,SATA 6.0 Gb/s,5 TB
"Seagate Backup Plus Portable 4TB External Hard Drive HDD – Black USB 3.0 for PC Laptop and Mac, 2 Months Adobe CC Photography (STDR4000100)",145,https://www.amazon.com//Seagate-Portable-External-Photography-STDR4000100/dp/B00ZTRXFBA/ref=sr_1_34?dchild=1&keywords=Seagate+Hard+Drive&qid=1619424557&sr=8-34,4.5 out of 5 stars,Seagate,USB 3.0,4 TB
Seagate Enterprise Capacity 3.5 HDD 10TB (Helium) 7200RPM SATA 6Gb/s 256 MB Cache Internal Bare Drive (ST10000NM0016),250,https://www.amazon.com//Seagate-Enterprise-Capacity-Cache-Internal-ST10000NM0016/dp/B01DSRHFOK/ref=sr_1_35?dchild=1&keywords=Seagate+Hard+Drive&qid=1619424557&sr=8-35,4.5 out of 5 stars,Seagate,SATA 6.0 Gb/s,10 TB
Seagate BarraCuda 500GB Internal Hard Drive HDD – 3.5 Inch SATA 6 Gb/s 7200 RPM 32MB Cache for Computer Desktop PC (ST500DM009),39.99,https://www.amazon.com//Seagate-Barracuda-Internal-3-5-Inch-ST500DM009/dp/B01IEKG3TY/ref=sr_1_37?dchild=1&keywords=Seagate+Hard+Drive&qid=1619424632&sr=8-37,4.5 out of 5 stars,Seagate,SATA 6.0 Gb/s,500 GB
Seagate (ST2000LX001) FireCuda 2TB Solid State Hybrid Drive Performance SSHD – 2.5 Inch SATA 6Gb/s Flash Accelerated for Gaming PC Laptop,248.6,https://www.amazon.com//Seagate-FireCuda-Accelerated-Performance-ST2000LX001/dp/B01M1NHCZT/ref=sr_1_32?dchild=1&keywords=Seagate+Hard+Drive&qid=1619424557&sr=8-32,4.4 out of 5 stars,Seagate,SATA 6.0 Gb/s,2 TB
"Seagate Exos X18 18TB Enterprise HDD - CMR 3.5 Inch Hyperscale SATA 6Gb/s, 7200 RPM, 512e and 4Kn FastFormat, Low Latency with Enhanced Caching (ST18000NM000J)",565,https://www.amazon.com//Seagate-ST18000NM000J-Internal-Surveillance-Supported/dp/B08K98VFXT/ref=sr_1_35?dchild=1&keywords=Seagate+Hard+Drive&qid=1619424632&sr=8-35,4.4 out of 5 stars,Seagate,SATA 6.0 Gb/s,18000 GB
(Old Model) Seagate 1TB Desktop HDD Sata 6Gb/s 64MB Cache 3.5-Inch Internal Bare Drive (ST1000DM003),49.99,https://www.amazon.com//Seagate-Desktop-3-5-Inch-Internal-ST1000DM003/dp/B005T3GRNW/ref=sr_1_45?dchild=1&keywords=Seagate+Hard+Drive&qid=1619424632&sr=8-45,4.4 out of 5 stars,Seagate,SATA 6.0 Gb/s,1 TB
Seagate Enterprise Capacity 8TB 256MB Cache 7200RPM (512e) SATA 6Gb/s 3.5inch Internal Hard Drive - ST8000NM0105,169.99,https://www.amazon.com//Seagate-Enterprise-Capacity-7200RPM-Internal/dp/B08XWPTWYX/ref=sr_1_21?dchild=1&keywords=Seagate+Hard+Drive&qid=1619424557&sr=8-21,4.3 out of 5 stars,Seagate,SATA 6.0 Gb/s,8 TB
Seagate 8TB Enterprise Capacity 3.5 HDD 7200RPM SATA 6Gbps 256 MB Cache Internal Bare Drive (ST8000NM0055),175,https://www.amazon.com//Seagate-256MB-3-5-Inch-Enterprise-ST8000NM0055/dp/B016AG0ITU/ref=sr_1_39?dchild=1&keywords=Seagate+Hard+Drive&qid=1619424632&sr=8-39,4.3 out of 5 stars,Seagate,SATA 6.0 Gb/s,8 TB
Seagate Desktop HDD Hard Drive - Internal (ST1000DM003),49,https://www.amazon.com//Seagate-Desktop-HDD-Hard-Drive/dp/B01KALOV08/ref=sr_1_47?dchild=1&keywords=Seagate+Hard+Drive&qid=1619424632&sr=8-47,4.3 out of 5 stars,Seagate,FireWire eSATA,1 TB
"Seagate - ST8000VE000 Skyhawk AI ST8000VE000 8 TB Hard Drive - 3.5 Internal - SATA (SATA/600) - Network Video Recorder, Video Surveillance System Device Supported - 7200rpm - 256 MB Buffer -",217.95,https://www.amazon.com//Seagate-ST8000VE000-Internal-Surveillance-Supported/dp/B07XF5RRCD/ref=sr_1_41?dchild=1&keywords=Seagate+Hard+Drive&qid=1619424632&sr=8-41,4.0 out of 5 stars,Seagate,SATA 6.0 Gb/s,8000 GB
Seagate Pipeline HD (ST3500414CS) 500GB 16MB Cache SATA 3.0Gb/s 3.5in Internal Surveillance Hard Drive - 3 Year Warranty,18.88,https://www.amazon.com//Seagate-Pipeline-ST3500414CS-Internal-Surveillance/dp/B08YJ9MR4F/ref=sr_1_49?dchild=1&keywords=Seagate+Hard+Drive&qid=1619424632&sr=8-49,3.8 out of 5 stars,Seagate,SATA 3.0 Gb/s,500 GB
TEAMGROUP T-Force Vulcan 1TB with DRAM 3D NAND TLC 2.5 Inch SATA III Internal Solid State Drive SSD (Read/Write Speed up to 560/510 MB/s) Compatible with Laptop & PC Desktop T253TV001T3C301,105.99,https://www.amazon.com//gp/slredirect/picassoRedirect.html/ref=pa_sp_atf_aps_sr_pg1_1?ie=UTF8&adId=A0623370FL5SM1RTDE6L&url=%2FTEAMGROUP-T-Force-Vulcan-Internal-SSD%2Fdp%2FB07QQT471T%2Fref%3Dsr_1_2_sspa%3Fdchild%3D1%26keywords%3DSamsung%2BHard%2BDrive%26qid%3D1619424719%26sr%3D8-2-spons%26psc%3D1&qualifier=1619424719&id=1761329565058012&widgetName=sp_atf,4.8 out of 5 stars,TEAMGROUP,SATA 6.0 Gb/s,1000 GB
"Timetec 1TB SSD 3D NAND SATA III 6Gb/s 2.5 Inch 7mm (0.28"") 800TBW Read Speed Up to 530 MB/s SLC Cache Performance Boost Internal Solid State Drive (1TB)",84.99,https://www.amazon.com//gp/slredirect/picassoRedirect.html/ref=pa_sp_atf_next_aps_sr_pg4_1?ie=UTF8&adId=A02342742H8LMID49VQNZ&url=%2FTimetec-800TBW-Speed-Performance-Internal%2Fdp%2FB08GJCS69D%2Fref%3Dsr_1_50_sspa%3Fdchild%3D1%26keywords%3DSamsung%2BHard%2BDrive%26qid%3D1619425095%26sr%3D8-50-spons%26psc%3D1%26smid%3DA23AD5LOJUVSEP&qualifier=1619425095&id=1240216539071610&widgetName=sp_atf_next,4.8 out of 5 stars,Timetec,SSD,1024 GB
"TOPMORE TP100 SSD 480GB 2.5"" SATA III Internal Solid State Drive R/W Up to 550MB/s (Made in Taiwan)",66.99,https://www.amazon.com//gp/slredirect/picassoRedirect.html/ref=pa_sp_mtf_aps_sr_pg2_1?ie=UTF8&adId=A01021862A8E2JKGFLPWR&url=%2FTOPMORE-TP100-480GB-Internal-Taiwan%2Fdp%2FB087N85449%2Fref%3Dsr_1_27_sspa%3Fdchild%3D1%26keywords%3DSanDisk%2BHard%2BDrive%26qid%3D1619424319%26sr%3D8-27-spons%26psc%3D1&qualifier=1619424319&id=2732120363140113&widgetName=sp_mtf,4.5 out of 5 stars,Topmore,SSD,480 GB
"Toshiba (HDTB420XK3AA) Canvio Basics 2TB Portable External Hard Drive USB 3.0, Black",57.99,https://www.amazon.com//gp/slredirect/picassoRedirect.html/ref=pa_sp_mtf_aps_sr_pg1_1?ie=UTF8&adId=A03691761HJXL83PGCKAJ&url=%2FToshiba-HDTB420XK3AA-Canvio-Portable-External%2Fdp%2FB079D3D8NR%2Fref%3Dsr_1_9_sspa%3Fdchild%3D1%26keywords%3DHP%2BHard%2BDrive%26qid%3D1619423770%26sr%3D8-9-spons%26psc%3D1&qualifier=1619423770&id=7476227923822197&widgetName=sp_mtf,4.7 out of 5 stars,Toshiba,USB 3.0,2 TB
"Toshiba Canvio Advance 1TB Portable External Hard Drive USB 3.0, Red - HDTCA10XR3AA",51.99,https://www.amazon.com//gp/slredirect/picassoRedirect.html/ref=pa_sp_atf_next_aps_sr_pg2_1?ie=UTF8&adId=A02549902JGJDTWX103G4&url=%2FToshiba-Canvio-Advance-Portable-External%2Fdp%2FB08JKFHZKW%2Fref%3Dsr_1_17_sspa%3Fdchild%3D1%26keywords%3DHP%2BHard%2BDrive%26qid%3D1619423842%26sr%3D8-17-spons%26psc%3D1&qualifier=1619423842&id=452233095668403&widgetName=sp_atf_next,4.7 out of 5 stars,Toshiba,"USB 3.0, USB 2.0",1000 GB
"Toshiba (HDTB410XK3AA) Canvio Basics 1TB Portable External Hard Drive USB 3.0, Black",44.99,https://www.amazon.com//gp/slredirect/picassoRedirect.html/ref=pa_sp_atf_next_aps_sr_pg2_1?ie=UTF8&adId=A08235973DLKH6QC3KVTR&url=%2FToshiba-HDTB410XK3AA-Canvio-Portable-External%2Fdp%2FB079D359S6%2Fref%3Dsr_1_18_sspa%3Fdchild%3D1%26keywords%3DHP%2BHard%2BDrive%26qid%3D1619423842%26sr%3D8-18-spons%26psc%3D1&qualifier=1619423842&id=452233095668403&widgetName=sp_atf_next,4.7 out of 5 stars,Toshiba,USB 3.0,1 TB
"Toshiba (HDTB440XK3CA) Canvio Basics 4TB Portable External Hard Drive USB 3.0, Black",89.99,https://www.amazon.com//gp/slredirect/picassoRedirect.html/ref=pa_sp_atf_next_aps_sr_pg3_1?ie=UTF8&adId=A04141432RPRHX9AZ6WBP&url=%2FToshiba-Canvio-Portable-External-HDTB440XK3CA%2Fdp%2FB07KQPKJXH%2Fref%3Dsr_1_33_sspa%3Fdchild%3D1%26keywords%3DHP%2BHard%2BDrive%26qid%3D1619423942%26sr%3D8-33-spons%26psc%3D1&qualifier=1619423942&id=1843534696184077&widgetName=sp_atf_next,4.7 out of 5 stars,Toshiba,USB 3.0,4 TB
"Toshiba (HDTC920XR3AA) Canvio Advance 2TB Portable External Hard Drive USB 3.0, Red",69.99,https://www.amazon.com//Toshiba-Advance-Portable-External-HDTC920XR3AA/dp/B079HD84R6/ref=sr_1_29?dchild=1&keywords=SanDisk+Hard+Drive&qid=1619424319&sr=8-29,4.7 out of 5 stars,Toshiba,USB 3.0,2 TB
"Toshiba Canvio Flex 1TB Portable External Hard Drive USB-C USB 3.0, Silver for PC, Mac, & Tablet - HDTX110XSCAA",56.99,https://www.amazon.com//gp/slredirect/picassoRedirect.html/ref=pa_sp_atf_next_aps_sr_pg4_1?ie=UTF8&adId=A02600941C0EWOB3J34V6&url=%2FToshiba-Canvio-Portable-External-Silver%2Fdp%2FB08JKH2DS2%2Fref%3Dsr_1_49_sspa%3Fdchild%3D1%26keywords%3DSamsung%2BHard%2BDrive%26qid%3D1619425095%26sr%3D8-49-spons%26psc%3D1&qualifier=1619425095&id=1240216539071610&widgetName=sp_atf_next,4.7 out of 5 stars,Toshiba,"USB, USB Type C, USB 3.0",1000 GB
Toshiba X300 8TB Performance & Gaming 3.5-Inch Internal Hard Drive – CMR SATA 6 GB/s 7200 RPM 256 MB Cache - HDWR180XZSTA,179.99,https://www.amazon.com//Toshiba-Performance-Gaming-Internal-Drive/dp/B085RV9B1N/ref=sr_1_10?dchild=1&keywords=Samsung+Hard+Drive&qid=1619424719&sr=8-10,4.4 out of 5 stars,Toshiba,SATA 6.0 Gb/s,8000 GB
Toshiba X300 10TB Performance & Gaming 3.5-Inch Internal Hard Drive - CMR SATA 6 GB/s 7200 RPM 256 MB Cache - HDWR11AXZSTA,272.99,https://www.amazon.com//gp/slredirect/picassoRedirect.html/ref=pa_sp_mtf_aps_sr_pg1_1?ie=UTF8&adId=A04800783TLR7YL4WALBH&url=%2FToshiba-HDWR11AXZSTA-Performance-Gaming-Internal%2Fdp%2FB07CSFGLFZ%2Fref%3Dsr_1_11_sspa%3Fdchild%3D1%26keywords%3DSamsung%2BHard%2BDrive%26qid%3D1619424719%26sr%3D8-11-spons%26psc%3D1&qualifier=1619424719&id=1761329565058012&widgetName=sp_mtf,4.4 out of 5 stars,Toshiba,SATA 6.0 Gb/s,10 TB
"UGREEN External Hard Drive Enclosure USB 3.0 to SATA III Adapter for 2.5"" SATA SSD HDD 9.5mm 7mm Hard Drive Case Housing with UASP Compatible for WD Seagate Toshiba Samsung Hitachi PS4 Xbox",11.99,https://www.amazon.com//UGREEN-External-Enclosure-Adapter-Portable/dp/B07S4K2QYD/ref=sr_1_42?dchild=1&keywords=Samsung+Hard+Drive&qid=1619424971&sr=8-42,4.6 out of 5 stars,UGREEN,"SATA 6.0 Gb/s, USB 3.0",10 TB
"External Hard Drive, Hard Drive Portable USB 3.0 Slim External Hard Drive 1TB 2TB Compatible with PC, Laptop and Mac (2TB, Gold)",63.99,https://www.amazon.com//gp/slredirect/picassoRedirect.html/ref=pa_sp_btf_aps_sr_pg1_1?ie=UTF8&adId=A06822912YRVL6CQ0KEVL&url=%2FExternal-Drive-Portable-Compatible-Laptop%2Fdp%2FB08CXDXT42%2Fref%3Dsr_1_20_sspa%3Fdchild%3D1%26keywords%3DHP%2BHard%2BDrive%26qid%3D1619423770%26sr%3D8-20-spons%26psc%3D1&qualifier=1619423770&id=7476227923822197&widgetName=sp_btf,2.5 out of 5 stars,Uiesy,"USB, USB 3.0",1000 GB
"External Hard Drive, Hard Drive Portable USB 3.0 Slim External Hard Drive 1TB 2TB Compatible with PC, Laptop and Mac (2TB, Red)",63.99,https://www.amazon.com//gp/slredirect/picassoRedirect.html/ref=pa_sp_atf_next_aps_sr_pg3_1?ie=UTF8&adId=A06821353EBHS54VS2AXI&url=%2FExternal-Drive-Portable-Compatible-Laptop%2Fdp%2FB08CX45H1H%2Fref%3Dsr_1_34_sspa%3Fdchild%3D1%26keywords%3DHP%2BHard%2BDrive%26qid%3D1619423942%26sr%3D8-34-spons%26psc%3D1&qualifier=1619423942&id=1843534696184077&widgetName=sp_atf_next,2.5 out of 5 stars,Uiesy,"USB, USB 3.0",1000 GB
"External Hard Drive, Hard Drive Portable USB 3.0 Slim External Hard Drive 1TB 2TB Compatible with PC, Laptop and Mac (2TB, Black)",63.99,https://www.amazon.com//gp/slredirect/picassoRedirect.html/ref=pa_sp_btf_aps_sr_pg1_1?ie=UTF8&adId=A06825713QTFCYP5YRNJK&url=%2FExternal-Drive-Portable-Compatible-Laptop%2Fdp%2FB08CXMN5DC%2Fref%3Dsr_1_21_sspa%3Fdchild%3D1%26keywords%3DHP%2BHard%2BDrive%26qid%3D1619423770%26sr%3D8-21-spons%26psc%3D1&qualifier=1619423770&id=7476227923822197&widgetName=sp_btf,1.0 out of 5 stars,Uiesy,"USB, USB 3.0",1000 GB
"UnionSine 250GB Ultra Slim Portable External Hard Drive USB3.0 HDD Storage Compatible for PC, Desktop, Laptop, Xbox One, Xbox one, PS4(Black) (250GB)",26.59,https://www.amazon.com//gp/slredirect/picassoRedirect.html/ref=pa_sp_atf_next_aps_sr_pg2_1?ie=UTF8&adId=A03284643KE1MZIBWVSQ4&url=%2FUnionSine-Portable-External-Storage-Compatible%2Fdp%2FB08VHX2YVN%2Fref%3Dsr_1_17_sspa%3Fdchild%3D1%26keywords%3DSanDisk%2BHard%2BDrive%26qid%3D1619424319%26sr%3D8-17-spons%26psc%3D1&qualifier=1619424319&id=2732120363140113&widgetName=sp_atf_next,4.5 out of 5 stars,UnionSine,"USB, USB 3.0, USB 2.0",250 GB
"Vanja USB Type C SD Card Reader, USB 3.0 Micro SD Card Reader OTG Adapter for TF, SD, Micro SD, SDXC, SDHC, MMC, RS-MMC, Micro SDXC, Micro SDHC, UHS-I for Mac, Windows, Linux, PC, Laptop",11.99,https://www.amazon.com//gp/slredirect/picassoRedirect.html/ref=pa_sp_atf_next_aps_sr_pg3_1?ie=UTF8&adId=A07957631RNFVQAK4A8A9&url=%2FVanja-Reader-Adapter-RS-MMC-Windows%2Fdp%2FB07MBD66GZ%2Fref%3Dsr_1_34_sspa%3Fdchild%3D1%26keywords%3DSanDisk%2BHard%2BDrive%26qid%3D1619424437%26sr%3D8-34-spons%26psc%3D1&qualifier=1619424437&id=7301655244006233&widgetName=sp_atf_next,4.5 out of 5 stars,Vanja,USB 3.0,512 GB
"VAVA Portable External SSD Pro, 512GB Hard Drive with 540MB/S Data Transfer, NAND Flash, USB 3.1 Gen 2 Interface, ATA Lock, Mini USB C Solid State Drive",87.99,https://www.amazon.com//RAVPower-Portable-External-Pro-Interface/dp/B086WCV7TF/ref=sr_1_40?dchild=1&keywords=Samsung+Hard+Drive&qid=1619424971&sr=8-40,4.8 out of 5 stars,VAVA,"SATA 6.0 Gb/s, USB 3.1 Type C",512 GB
"VectoTech Rapid 1TB External SSD USB-C Portable Solid State Drive (USB 3.1 Gen 2) – Up to 540MB/s Data transfer, 3D NAND Flash",129,https://www.amazon.com//gp/slredirect/picassoRedirect.html/ref=pa_sp_mtf_aps_sr_pg2_1?ie=UTF8&adId=A01891751XJIGEGK98C06&url=%2FVectoTech-Rapid-External-Portable-Solid%2Fdp%2FB01JKMZ8FA%2Fref%3Dsr_1_28_sspa%3Fdchild%3D1%26keywords%3DSanDisk%2BHard%2BDrive%26qid%3D1619424319%26sr%3D8-28-spons%26psc%3D1&qualifier=1619424319&id=2732120363140113&widgetName=sp_mtf,4.5 out of 5 stars,VectoTech,USB,1 TB
"WD 5TB Elements Portable External Hard Drive HDD, USB 3.0, Compatible with PC, Mac, PS4 & Xbox - WDBU6Y0050BBK-WESN",99.99,https://www.amazon.com//Elements-Portable-External-Drive-WDBU6Y0050BBK-WESN/dp/B07X41PWTY/ref=sr_1_36?dchild=1&keywords=Seagate+Hard+Drive&qid=1619424557&sr=8-36,4.7 out of 5 stars,Western Digital,USB 3.0,5000 GB
"Yottamaster Aluminum Alloy 5 Bay USB3.0 2.5""/3.5"" External Hard Drive RAID Enclosure for 2.5/3.5 Inch SATA HDD Support 5 x 16TB & UASP,Ideal for Personal Storage at Home&Office- [PS500RU3]",169.99,https://www.amazon.com//gp/slredirect/picassoRedirect.html/ref=pa_sp_btf_aps_sr_pg2_1?ie=UTF8&adId=A04672572RHOR4OMZPWEJ&url=%2FYottamaster-Aluminum-Enclosure-Support-Silver%2Fdp%2FB071ZP2HFK%2Fref%3Dsr_1_37_sspa%3Fdchild%3D1%26keywords%3DSeagate%2BHard%2BDrive%26qid%3D1619424557%26sr%3D8-37-spons%26psc%3D1&qualifier=1619424557&id=2053760944892977&widgetName=sp_btf,4.0 out of 5 stars,Yottamaster,USB,16000 GB
