Product Name,Product Price,Product URL,Ratings,Brand,Operating System,Memory
"Acer Aspire 5 A515-56-363A, 15.6"" Full HD IPS Display, 11th Gen Intel Core i3-1115G4 Processor, 4GB DDR4, 128GB NVMe SSD, WiFi 6, Backlit Keyboard, Windows 10 Home (S Mode)",449.99,https://www.amazon.com//Acer-A515-56-363A-i3-1115G4-Processor-Keyboard/dp/B08VCGNDTT/ref=sr_1_26?dchild=1&keywords=Acer+Laptop&qid=1619547893&sr=8-26,5,Acer,Windows 10 S,4 GB
"Acer Nitro 5 Gaming Laptop, 9th Gen Intel Core i5-9300H, NVIDIA GeForce GTX 1650, 15.6"" Full HD IPS Display, 8GB DDR4, 256GB NVMe SSD, Wi-Fi 6, Backlit Keyboard, Alexa Built-in, AN515-54-5812",734.99,https://www.amazon.com//Acer-i5-9300H-GeForce-Keyboard-AN515-54-5812/dp/B086KJBKDW/ref=sr_1_5?dchild=1&keywords=Acer+Laptop&qid=1619547732&sr=8-5,4.7,Acer,Windows 10 Home,8 GB
"Acer Predator Helios 300 Gaming Laptop, Intel i7-10750H, NVIDIA GeForce RTX 2060 6GB, 15.6"" Full HD 144Hz 3ms IPS Display, 16GB Dual-Channel DDR4, 512GB NVMe SSD, Wi-Fi 6, RGB Keyboard, PH315-53-72XD",1549,https://www.amazon.com//Acer-Predator-i7-10750H-Dual-Channel-PH315-53-72XD/dp/B08842D7JS/ref=sr_1_12?dchild=1&keywords=Acer+Laptop&qid=1619547732&sr=8-12,4.7,Acer,Windows 10 Home,16 GB
"Acer Aspire 5 Slim High Performance Laptop, 15.6” Full HD Screen, Newest AMD Ryzen 7 Processor, 32GB RAM, 1TB SSD+2TB HDD,Webcam,WiFi,Bluetooth,Online Meeting/Remote Working, Win10,Silver,KKE Mousepad",989,https://www.amazon.com//gp/slredirect/picassoRedirect.html/ref=pa_sp_atf_aps_sr_pg1_1?ie=UTF8&adId=A04090665084UW6WUYD1&url=%2FAcer-Aspire-Performance-Processor-Bluetooth%2Fdp%2FB08HMC543M%2Fref%3Dsr_1_2_sspa%3Fdchild%3D1%26keywords%3DAcer%2BLaptop%26qid%3D1619547732%26sr%3D8-2-spons%26psc%3D1%26smid%3DA3QR4864ATM9Z9&qualifier=1619547732&id=665950295630269&widgetName=sp_atf,4.6,Acer,Windows 10,32 GB
"Acer Aspire 5 Slim Laptop, 15.6 inches Full HD IPS Display, AMD Ryzen 3 3200U, Vega 3 Graphics, 4GB DDR4, 128GB SSD, Backlit Keyboard, Windows 10 in S Mode, A515-43-R19L, Silver",439,https://www.amazon.com//Acer-Display-Graphics-Keyboard-A515-43-R19L/dp/B07RF1XD36/ref=sr_1_3?dchild=1&keywords=Acer+Laptop&qid=1619547732&sr=8-3,4.6,Acer,Windows 10 S,4 GB
"Acer Aspire 5 A515-55-56VK, 15.6"" Full HD IPS Display, 10th Gen Intel Core i5-1035G1, 8GB DDR4, 256GB NVMe SSD, Intel Wireless WiFi 6 AX201, Fingerprint Reader, Backlit Keyboard, Windows 10 Home",549.99,https://www.amazon.com//Acer-A515-55-56VK-i5-1035G1-Fingerprint-Keyboard/dp/B087RTV311/ref=sr_1_4?dchild=1&keywords=Acer+Laptop&qid=1619547732&sr=8-4,4.6,Acer,Windows 10 Home,8 GB
"Acer Swift 3 Thin & Light Laptop, 14"" Full HD IPS, AMD Ryzen 7 4700U Octa-Core with Radeon Graphics, 8GB LPDDR4, 512GB NVMe SSD, Wi-Fi 6, Backlit KB, Fingerprint Reader, Alexa Built-in, SF314-42-R9YN",679.99,https://www.amazon.com//Acer-Octa-Core-Graphics-Fingerprint-SF314-42-R9YN/dp/B086KKKT15/ref=sr_1_6?dchild=1&keywords=Acer+Laptop&qid=1619547732&sr=8-6,4.6,Acer,Windows 10 Home,8 GB
"Acer Nitro 5 Gaming Laptop, 10th Gen Intel Core i5-10300H,NVIDIA GeForce GTX 1650 Ti, 15.6"" Full HD IPS 144Hz Display, 8GB DDR4,256GB NVMe SSD,WiFi 6, DTS X Ultra,Backlit Keyboard,AN515-55-59KS",729.99,https://www.amazon.com//Acer-i5-10300H-GeForce-Keyboard-AN515-55-59KS/dp/B08H2H89K1/ref=sr_1_9?dchild=1&keywords=Acer+Laptop&qid=1619547732&sr=8-9,4.6,Acer,Windows 10 Home,8 GB
"2021 Newest Acer Chromebook 15.6"" FHD IPS Touchscreen Laptop, Intel Celeron N4000(up to 2.6GHz), 4GB RAM, 160GB Space(32GB eMMC+128GB Micro SD), Bluetooth, USB-C, Webcam, WiFi, Chrome OS+AllyFlex MP",379,https://www.amazon.com//Acer-Chromebook-Touchscreen-Bluetooth-AllyFlex/dp/B08ZMKC79X/ref=sr_1_14?dchild=1&keywords=Acer+Laptop&qid=1619547732&sr=8-14,4.6,Acer,Chrome OS,4 GB
"Acer AN5155470KK NITRO 5 15.6 inch, Inte i7, NVIDIA RTX, 16 GB RAM, 512 GB SSD, Windows 10 Gaming Laptops",1149,https://www.amazon.com//Acer-AN5155470KK-NVIDIA-Windows-Laptops/dp/B07PHW7TH4/ref=sr_1_20?dchild=1&keywords=Acer+Laptop&qid=1619547893&sr=8-20,4.6,Acer,Windows 10 Home,16 GB
"Acer Chromebook Spin 311 Convertible Laptop, Intel Celeron N4020, 11.6"" HD Touch, 4GB LPDDR4, 32GB eMMC, Gigabit Wi-Fi 5, Bluetooth 5.0, Google Chrome, CP311-2H-C679",263.97,https://www.amazon.com//Acer-Chromebook-Convertible-Bluetooth-CP311-2H-C679/dp/B086MBQKH2/ref=sr_1_22?dchild=1&keywords=Acer+Laptop&qid=1619547893&sr=8-22,4.6,Acer,Chrome OS,4 GB
"Acer Aspire 5 A515-56-73AP, 15.6"" Full HD IPS Display, 11th Gen Intel Core i7-1165G7, Intel Iris Xe Graphics, 16GB DDR4, 512GB NVMe SSD, WiFi 6, Fingerprint Reader, Backlit Keyboard",799.99,https://www.amazon.com//Acer-A515-56-73AP-i7-1165G7-Graphics-Fingerprint/dp/B08PG4Z796/ref=sr_1_29?dchild=1&keywords=Acer+Laptop&qid=1619547893&sr=8-29,4.6,Acer,Windows 10 Home,16 GB
"2020 Acer Chromebook 15.6"" Thin Light Laptop for Business and Student, Intel Celeron N4000(up to 2.60 GHz), 4GB RAM, 32GB eMMC, Protective Sleeve, Webcam,USB-C, Bluetooth, Chrome OS w/GM Accessories",279.99,https://www.amazon.com//gp/slredirect/picassoRedirect.html/ref=pa_sp_mtf_aps_sr_pg2_1?ie=UTF8&adId=A05288823I0LRU8DLUKOA&url=%2FAcer-Chromebook-Protective-Bluetooth-Accessories%2Fdp%2FB08MW42MRG%2Fref%3Dsr_1_27_sspa%3Fdchild%3D1%26keywords%3DAsus%2BLaptop%26qid%3D1619547562%26sr%3D8-27-spons%26psc%3D1&qualifier=1619547562&id=3801075059395980&widgetName=sp_mtf,4.5,Acer,Chrome OS,4 GB
"2020 Newest Acer Aspire 5 Slim Laptop 15.6"" FHD IPS Display, AMD Ryzen 3 3200u (up to 3.5GHz), Vega 3 Graphics, 8GB RAM DDR4, 256GB PCIe SSD, Backlit KB,WiFi,HDMI, Win10 w/Ghost Manta Accessories",499.99,https://www.amazon.com//gp/slredirect/picassoRedirect.html/ref=pa_sp_atf_aps_sr_pg1_1?ie=UTF8&adId=A028766520OXLKR82Z6XX&url=%2FAcer-Display-Graphics-Backlit-Accessories%2Fdp%2FB08B3S21WQ%2Fref%3Dsr_1_1_sspa%3Fdchild%3D1%26keywords%3DAcer%2BLaptop%26qid%3D1619547732%26sr%3D8-1-spons%26psc%3D1&qualifier=1619547732&id=665950295630269&widgetName=sp_atf,4.5,Acer,Windows 10,8 GB
"2020 Newest Acer Aspire 5 15.6"" FHD 1080P Laptop Computer| AMD Ryzen 3 3200U up to 3.5 GHz(Beat i5-7200u)| 8GB RAM| 128GB SSD+500GB HDD| Backlit KB| WiFi| Bluetooth| HDMI| Windows 10| Laser USB Cable",519,https://www.amazon.com//Acer-Aspire-Computer-i5-7200u-Bluetooth/dp/B089FMNLLD/ref=sr_1_8?dchild=1&keywords=Acer+Laptop&qid=1619547732&sr=8-8,4.5,Acer,Windows 10,8 GB
"2020 Acer Aspire 3 15.6"" Full HD 1080P Laptop PC, Intel Core i5-1035G1 Quad-Core Processor, 8GB DDR4 RAM, 256GB SSD, Ethernet, HDMI, Wi-Fi, Webcam, Numeric Keypad, Windows 10 Home, Steel Gray",546,https://www.amazon.com//Acer-i5-1035G1-Quad-Core-Processor-Ethernet/dp/B08K3NGK2Z/ref=sr_1_17?dchild=1&keywords=Acer+Laptop&qid=1619547732&sr=8-17,4.5,Acer,Windows 10,8 GB
"2021 Acer Aspire 5 Slim Laptop 15.6 FHD IPS Display, AMD Ryzen 3 3200u (up to 3.5GHz), Vega 3 Graphics, 8GB RAM, 512GB PCIe SSD Backlit KB,WiFi,HDMI, Win 10 w/GM Accessories",549.99,https://www.amazon.com//gp/slredirect/picassoRedirect.html/ref=pa_sp_mtf_aps_sr_pg2_1?ie=UTF8&adId=A10021461L8VIJIGODX3R&url=%2FAcer-Display-Graphics-Backlit-Accessories%2Fdp%2FB08ZRW2QN6%2Fref%3Dsr_1_27_sspa%3Fdchild%3D1%26keywords%3DAcer%2BLaptop%26qid%3D1619547893%26sr%3D8-27-spons%26psc%3D1&qualifier=1619547893&id=3084456097544027&widgetName=sp_mtf,4.5,Acer,Windows 10,8 GB
"Acer Aspire 1 A115-31-C2Y3, 15.6"" Full HD Display, Intel Celeron N4020, 4GB DDR4, 64GB eMMC, 802.11ac Wi-Fi 5, Up to 10-Hours of Battery Life, Microsoft 365 Personal, Windows 10 in S mode, Black",285,https://www.amazon.com//Acer-A115-31-C2Y3-802-11ac-10-Hours-Microsoft/dp/B086XXW87C/ref=sr_1_36?dchild=1&keywords=Acer+Laptop&qid=1619547893&sr=8-36,4.5,Acer,Windows 10 S,4 GB
"Acer Predator Triton 500 PT515-52-73L3 Gaming Laptop, Intel i7-10750H, NVIDIA GeForce RTX 2070 SUPER, 15.6"" FHD NVIDIA G-SYNC Display, 300Hz, 16GB Dual-Channel DDR4, 512GB NVMe SSD, RGB Backlit KB",1549,https://www.amazon.com//Acer-Predator-PT515-52-73L3-i7-10750H-Dual-Channel/dp/B08CNLPDXV/ref=sr_1_19?dchild=1&keywords=Acer+Laptop&qid=1619547732&sr=8-19,4.4,Acer,Windows 10 Home,16 GB
"Acer Aspire 5 A517-52-59SV, 17.3"" Full HD IPS Display, 11th Gen Intel Core i5-1135G7, Intel Iris Xe Graphics, 8GB DDR4, 512GB NVMe SSD, WiFi 6, Fingerprint Reader, Backlit Keyboard",713.44,https://www.amazon.com//Acer-A517-52-59SV-i5-1135G7-Graphics-Fingerprint/dp/B08PG4S5TT/ref=sr_1_30?dchild=1&keywords=Acer+Laptop&qid=1619547893&sr=8-30,4.4,Acer,Windows 10 Home,8 GB
"Newest Acer Aspire 1 15.6"" FHD laptop business and student, Intel Celeron N4020(Up to 2.8 GHz), 4GB RAM, 64GB eMMC, Up to 10-Hours Battery Life, Microsoft 365 Personal, Win10 w/Ghost Manta Accessories",339.99,https://www.amazon.com//Acer-business-10-Hours-Microsoft-Accessories/dp/B08FHTJ3DJ/ref=sr_1_20?dchild=1&keywords=Acer+Laptop&qid=1619547732&sr=8-20,4.3,Acer,Windows 10 S,4 GB
"2021 Acer Aspire 15.6"" FHD IPS Laptop Business and Student, Intel Celeron N4020(up to 2.8GHz), 4GB RAM, 64GB eMMC, USB-C, Up to 10 Hours, Google Classroom, Win 10 S +GM Accessories",339.99,https://www.amazon.com//gp/slredirect/picassoRedirect.html/ref=pa_sp_mtf_aps_sr_pg1_1?ie=UTF8&adId=A04090443PT28JNT6GA96&url=%2FAcer-Business-Student-Classroom-Accessories%2Fdp%2FB09163SSPP%2Fref%3Dsr_1_16_sspa%3Fdchild%3D1%26keywords%3DAcer%2BLaptop%26qid%3D1619547732%26sr%3D8-16-spons%26psc%3D1%26smid%3DAM0VWZ1WMK39K&qualifier=1619547732&id=665950295630269&widgetName=sp_mtf,4.2,Acer,Windows 10,4 GB
"Acer Chromebook CB315-3H-C2C3 15.6"" 4GB 32GB Intel Celeron N4000 X2 1.1GHz Chrome OS, Silver",243,https://www.amazon.com//Acer-Chromebook-CB315-3H-C2C3-Celeron-X2-1-1GHz/dp/B08P5RQ2B3/ref=sr_1_33?dchild=1&keywords=Acer+Laptop&qid=1619547893&sr=8-33,4.2,Acer,Chrome OS,4 GB
"2021 Newest Acer Aspire 5 Slim Laptop, 15.6 inches Full HD IPS Display, AMD Ryzen 3 3200U, Vega 3 Graphics, 8GB DDR4, 256GB SSD, Backlit Keyboard, Windows 10 in S Mode + Oydisen Cloth",499.99,https://www.amazon.com//Acer-Aspire-Display-Graphics-Keyboard/dp/B08VKRQSMT/ref=sr_1_18?dchild=1&keywords=Acer+Laptop&qid=1619547732&sr=8-18,4.1,Acer,Windows 10,8 GB
"Acer Aspire 5 A515-56-50RS, 15.6"" Full HD IPS Display, 11th Gen Intel Core i5-1135G7, Intel Iris Xe Graphics, 8GB DDR4, 256GB NVMe SSD, WiFi 6, Fingerprint Reader, Backlit Keyboard",619.99,https://www.amazon.com//Acer-A515-56-50RS-i5-1135G7-Graphics-Fingerprint/dp/B08PG4W932/ref=sr_1_31?dchild=1&keywords=Acer+Laptop&qid=1619547893&sr=8-31,4.1,Acer,Windows 10 Home,8 GB
Acer Chromebook 11.6in Intel Celeron Dual-Core 1.5 GHz 4 GB Ram 16GB SSD Chrome OS|C740-C4PE (Renewed),137.99,https://www.amazon.com//Acer-Chromebook-Dual-Core-C740-C4PE-Refurbished/dp/B07BX4DNZC/ref=sr_1_35?dchild=1&keywords=Acer+Laptop&qid=1619547893&sr=8-35,4.1,Acer,Chrome OS,4 GB
"Acer C720 11.6in Chromebook Intel Celeron 1.40GHz Dual Core Processor, 2GB RAM, 16GB W/Chrome OS (Renewed)",131.99,https://www.amazon.com//Acer-Chromebook-Processor-Certified-Refurbished/dp/B01F5PSKGA/ref=sr_1_32?dchild=1&keywords=Acer+Laptop&qid=1619547893&sr=8-32,4,Acer,Chrome OS,2 GB
"Acer Swift 3 Intel Evo Thin & Light Laptop, 14"" Full HD, Intel Core i7-1165G7, Intel Iris Xe Graphics, 8GB LPDDR4X, 256GB NVMe SSD, Wi-Fi 6, Fingerprint Reader, Back-lit KB, SF314-59-75QC",764.99,https://www.amazon.com//Acer-i7-1165G7-Graphics-Fingerprint-SF314-59-75QC/dp/B08JQJ5RKK/ref=sr_1_13?dchild=1&keywords=Acer+Laptop&qid=1619547732&sr=8-13,3.9,Acer,Windows 10 Home,8 GB
"Acer Aspire 7 Laptop, 15.6"" Full HD, 8th Gen Intel Core i7-8705G, AMD Radeon RX Vega M GL, 16GB DDR4, 512GB PCIe NVMe SSD, A715-73G-75BW",949.99,https://www.amazon.com//Acer-Aspire-Laptop-i7-8705G-A715-73G-75BW/dp/B07PQNBK7Y/ref=sr_1_15?dchild=1&keywords=Acer+Laptop&qid=1619547732&sr=8-15,3.7,Acer,Windows 10 Home,16 GB
"2021 Acer Predator Helios 300 17.3"" FHD IPS 144Hz Premium Gaming Laptop, 10th Gen Intel Core i7-10750H, 32GB RAM, 1TB PCIe SSD, NVIDIA GeForce RTX 2060 6GB GDDR6, RGB Backlit Keyboard, Windows 10",1629.99,https://www.amazon.com//Acer-Predator-Premium-i7-10750H-Keyboard/dp/B08WCQWGX5/ref=sr_1_23?dchild=1&keywords=Acer+Laptop&qid=1619547893&sr=8-23,1,Acer,Windows 10,32 GB
"High Performance Acer Swift 5 Ultra-Thin & Lightweight Laptop 15.6” FHD IPS Touch Display, Intel Quad-Core i7-8565U, 16GB DDR4 RAM, 512GB PCIe SSD, Backlit Keyboard, Windows 10 Silver",849.99,https://www.amazon.com//gp/slredirect/picassoRedirect.html/ref=pa_sp_atf_next_aps_sr_pg2_1?ie=UTF8&adId=A09751841JUTSZ3XWPEFY&url=%2FPerformance-Acer-Swift-Ultra-Thin-Lightweight%2Fdp%2FB07TBW4FLR%2Fref%3Dsr_1_17_sspa%3Fdchild%3D1%26keywords%3DAcer%2BLaptop%26qid%3D1619547893%26sr%3D8-17-spons%26psc%3D1%26smid%3DA3I8SIV4ZMJMWX&qualifier=1619547893&id=3084456097544027&widgetName=sp_atf_next,,Acer,Windows 10,16 GB
"Acer Aspire 5 A517-52-713G, 17.3"" Full HD IPS Display, 11th Gen Intel Core i7-1165G7, Intel Iris Xe Graphics, 16GB DDR4, 512GB NVMe SSD, WiFi 6, Fingerprint Reader, Backlit Keyboard",913.08,https://www.amazon.com//Acer-A517-52-713G-i7-1165G7-Graphics-Fingerprint/dp/B08PG3XMS3/ref=sr_1_24?dchild=1&keywords=Acer+Laptop&qid=1619547893&sr=8-24,,Acer,Windows 10 Home,16 GB
"ASUS TUF Gaming F17 Gaming Laptop, 17.3” FHD IPS-Type Display, Intel Core i5-10300H, GeForce GTX 1650 Ti, 8GB DDR4, 512GB PCIe SSD, RGB Keyboard, Windows 10, Bonfire Black, FX706LI-RS53",849.99,https://www.amazon.com//ASUS-IPS-Type-i5-10300H-Keyboard-FX706LI-RS53/dp/B08ZLFLF7L/ref=sr_1_33?dchild=1&keywords=Asus+Laptop&qid=1619547562&sr=8-33,4.7,ASUS,Windows 10 Home,8 GB
"ASUS VivoBook 17.3"" FHD Laptop, AMD Ryzen 3 3250U Up to 3.5GHz, 12GB RAM, 256GB PCIe SSD + 1TB HDD, WiFi 5, Bluetooth 4.2, USB 3.2 Typc-A&C, HDMI, Win10 Home, w/GM Accessories",629.99,https://www.amazon.com//gp/slredirect/picassoRedirect.html/ref=pa_sp_atf_aps_sr_pg1_1?ie=UTF8&adId=A102282217PNN4QZFFQQ9&url=%2FASUS-VivoBook-Laptop-Bluetooth-Accessories%2Fdp%2FB08X6F875P%2Fref%3Dsr_1_2_sspa%3Fdchild%3D1%26keywords%3DAsus%2BLaptop%26qid%3D1619547336%26sr%3D8-2-spons%26psc%3D1&qualifier=1619547336&id=4289624135450483&widgetName=sp_atf,4.6,ASUS,Windows 10 Home,12 GB
"ASUS F512DA-EB51 VivoBook 15 Thin and Light Laptop, 15.6” Full HD, AMD Quad Core R5-3500U CPU, 8GB DDR4 RAM, 256GB PCIe SSD, AMD Radeon Vega 8 Graphics, Windows 10 Home, Slate Gray",499.99,https://www.amazon.com//ASUS-VivoBook-R5-3500U-Graphics-F512DA-EB51/dp/B07QQB7552/ref=sr_1_9?dchild=1&keywords=Asus+Laptop&qid=1619547336&sr=8-9,4.6,ASUS,Windows 10 Home,8 GB
"ASUS ZenBook Duo UX481 14” FHD NanoEdge Bezel Touch Display, Intel Core i7-10510U CPU, 8GB RAM, 512GB PCIe SSD, Innovative ScreenPad Plus, Windows 10 Home, Celestial Blue, UX481FA-DB71T",1116,https://www.amazon.com//ASUS-i7-10510U-Innovative-ScreenPad-UX481FA-DB71T/dp/B086P6THG6/ref=sr_1_14?dchild=1&keywords=Asus+Laptop&qid=1619547336&sr=8-14,4.6,ASUS,Windows 10 Home,8 GB
"ASUS ROG Strix G15 (2020) Gaming Laptop, 15.6” 144Hz FHD IPS Type Display, NVIDIA GeForce RTX 2060, Intel Core i7-10750H, 16GB DDR4, 512GB PCIe NVMe SSD, RGB Keyboard, Windows 10 Home, G512LV-ES74",1329,https://www.amazon.com//ASUS-Display-i7-10750H-Keyboard-G512LV-ES74/dp/B0865JLXGG/ref=sr_1_19?dchild=1&keywords=Asus+Laptop&qid=1619547336&sr=8-19,4.6,ASUS,Windows 10 Home,16 GB
"ASUS VivoBook 15 F515 Thin and Light Laptop, 15.6” FHD Display, Intel Core i3-1005G1 Processor, 4GB DDR4 RAM, 128GB PCIe SSD, Fingerprint Reader, Windows 10 Home in S Mode, Slate Grey, F515JA-AH31",349.99,https://www.amazon.com//ASUS-i3-1005G1-Processor-Fingerprint-F515JA-AH31/dp/B08H4YTTLP/ref=sr_1_3?dchild=1&keywords=Asus+Laptop&qid=1619547336&sr=8-3,4.5,ASUS,Windows 10 S,4 GB
ASUS E410 Intel Celeron N4020 4GB 128GB eMMC 14-inch HD LED Win 10 Laptop (Pink),309,https://www.amazon.com//ASUS-Intel-Celeron-14-inch-Laptop/dp/B08R6B218S/ref=sr_1_11?dchild=1&keywords=Asus+Laptop&qid=1619547336&sr=8-11,4.5,ASUS,Windows 10,4 GB
"ASUS VivoBook S13 Thin and Light Laptop, 13.3” FHD Display, Intel Core i5-1035G1 CPU, 8GB LPDDR4X RAM, 512GB PCIe SSD, Windows 10 Home, Fingerprint Reader, Indie Black, S333JA-DS51",649,https://www.amazon.com//gp/slredirect/picassoRedirect.html/ref=pa_sp_mtf_aps_sr_pg1_1?ie=UTF8&adId=A02925283FRIEI1F7J91Q&url=%2FASUS-VivoBook-i5-1035G1-Fingerprint-S333JA-DS51%2Fdp%2FB08BX9XPKS%2Fref%3Dsr_1_12_sspa%3Fdchild%3D1%26keywords%3DAsus%2BLaptop%26qid%3D1619547336%26sr%3D8-12-spons%26psc%3D1&qualifier=1619547336&id=4289624135450483&widgetName=sp_mtf,4.5,ASUS,Windows 10 Home,8 GB
ASUS E410 Intel Celeron N4020 4GB 128GB eMMC 14-inch HD LED Win 10 Laptop (Blue),295,https://www.amazon.com//ASUS-Intel-Celeron-14-inch-Laptop/dp/B08T1HTX5B/ref=sr_1_15?dchild=1&keywords=Asus+Laptop&qid=1619547336&sr=8-15,4.5,ASUS,Windows 10,4 GB
"Asus X512DA-BTS2020RL 15.6"" Full HD Laptop – AMD Ryzen 5 - AMD Radeon Vega 8 - 512GB PCIe SSD – 8GB RAM",539.88,https://www.amazon.com//Asus-X512DA-BTS2020RL-15-6-Full-Laptop/dp/B08G8SJZ2R/ref=sr_1_21?dchild=1&keywords=Asus+Laptop&qid=1619547562&sr=8-21,4.5,ASUS,Windows 10,8 GB
"ASUS ZenBook 13 Ultra-Slim Laptop 13.3” Full HD NanoEdge Bezel Display, Intel Core i5-1035G1 Processor, 8GB RAM, 256GB PCIe SSD, NumberPad, Windows 10 Home, Lilac Mist, UX325JA-AB51",739,https://www.amazon.com//ASUS-Ultra-Slim-i5-1035G1-Processor-UX325JA-AB51/dp/B0892WH42D/ref=sr_1_26?dchild=1&keywords=Asus+Laptop&qid=1619547562&sr=8-26,4.5,ASUS,Windows 10 Home,8 GB
"ASUS Laptop L210 Ultra Thin Laptop, 11.6” HD Display, Intel Celeron N4020 Processor, 4GB RAM, 64GB Storage, NumberPad, Windows 10 Home in S Mode with One Year of Microsoft 365 Personal, L210MA-DB01",227.99,https://www.amazon.com//ASUS-Processor-NumberPad-Microsoft-L210MA-DB01/dp/B081V6W99V/ref=sr_1_4?dchild=1&keywords=Asus+Laptop&qid=1619547336&sr=8-4,4.4,ASUS,Windows 10 S,4 GB
"ASUS VivoBook 17.3"" FHD IPS LED Backlight Premium Laptop | AMD Ryzen3 3250U | 8GB DDR4 RAM | 256GB SSD | USB Type-C | WiFi | HDMI | Windows 10",508,https://www.amazon.com//ASUS-VivoBook-Backlight-Premium-Windows/dp/B08V1NQ8S9/ref=sr_1_6?dchild=1&keywords=Asus+Laptop&qid=1619547336&sr=8-6,4.4,ASUS,Windows 10,8 GB
"ASUS ZenBook 14 Ultra-Slim Laptop 14” FHD NanoEdge Bezel Display, Intel Core i7-1165G7, NVIDIA MX450, 16GB RAM, 512GB SSD, ScreenPad 2.0, Thunderbolt 4, Windows 10 Pro, Pine Grey, UX435EG-XH74",1179.99,https://www.amazon.com//ASUS-Ultra-Slim-i7-1165G7-Thunderbolt-UX435EG-XH74/dp/B08KH3Z5WW/ref=sr_1_8?dchild=1&keywords=Asus+Laptop&qid=1619547336&sr=8-8,4.4,ASUS,Windows 10 Pro,16 GB
"ASUS VivoBook Flip 14 Thin and Light 2-in-1 Laptop, 14” HD Touchscreen, Intel Celeron N4020 Processor, 4GB DDR4, 64GB Storage, Windows 10 Home in S Mode, Light Grey, TPM, Fingerprint, J401MA-DB02",354.77,https://www.amazon.com//ASUS-Touchscreen-Processor-Fingerprint-J401MA-DB02/dp/B08D63M8BH/ref=sr_1_16?dchild=1&keywords=Asus+Laptop&qid=1619547336&sr=8-16,4.4,ASUS,Windows 10 S,4 GB
"ASUS VivoBook S15 Thin & Light Laptop, 14” FHD Display, Intel Core i7-1165G7 Processor, 8GB LPDDR4X RAM, 512GB PCIe SSD, Thunderbolt 4, Wi-Fi 6, Windows 10 Home, Deep Green, S435EA-BH71-GR",879.99,https://www.amazon.com//gp/slredirect/picassoRedirect.html/ref=pa_sp_mtf_aps_sr_pg1_1?ie=UTF8&adId=A0805160165LJEDFODDMP&url=%2FASUS-i7-1165G7-Processor-Thunderbolt-S435EA-BH71-GR%2Fdp%2FB08R11TP8H%2Fref%3Dsr_1_17_sspa%3Fdchild%3D1%26keywords%3DAsus%2BLaptop%26qid%3D1619547336%26sr%3D8-17-spons%26psc%3D1&qualifier=1619547336&id=4289624135450483&widgetName=sp_mtf,4.4,ASUS,Windows 10 Home,8 GB
"ASUS ZenBook Pro Duo UX581 Laptop, 15.6” 4K UHD NanoEdge Touch Display, Intel Core i7-10750H, 16GB RAM, 1TB PCIe SSD, GeForce RTX 2060, ScreenPad Plus, Windows 10 Pro, Celestial Blue, UX581LV-XS74T",2069.99,https://www.amazon.com//ASUS-i7-10750H-ScreenPad-Celestial-UX581LV-XS74T/dp/B08D941WH6/ref=sr_1_18?dchild=1&keywords=Asus+Laptop&qid=1619547336&sr=8-18,4.4,ASUS,Windows 10 Pro,16 GB
"ASUS VivoBook 17.3"" FHD (1920 x1080) Display Laptop PC, AMD Ryzen 7 3700U Processor, 12GB DDR4, 512GB PCIe SSD, Bluetooth, Webcam, HDMI, WiFi, AMD Radeon RX Vega 10 Graphics, Windows 10 Home",734.9,https://www.amazon.com//ASUS-VivoBook-Processor-Bluetooth-Graphics/dp/B08B3C643L/ref=sr_1_20?dchild=1&keywords=Asus+Laptop&qid=1619547336&sr=8-20,4.4,ASUS,Windows 10,12 GB
"2021 Newest ASUS E410 14"" Thin and Light Laptop Computer, Intel Celeron N4020 (up to 2.8GHz), 4GB DDR4 RAM, 128GB eMMC, WiFi, Bluetooth, HDMI, Webcam, Remote Work, Pink, Windows 10 S+AllyFlex MP",349,https://www.amazon.com//ASUS-Computer-Celeron-Bluetooth-AllyFlex/dp/B08X258TRV/ref=sr_1_21?dchild=1&keywords=Asus+Laptop&qid=1619547336&sr=8-21,4.4,ASUS,Windows 10 S,4 GB
"Newest ASUS VivoBook 15.6"" FHD Touchscreen Laptop, 10th Gen Intel Quad-Core i5-1035G1 up to 3.6GHz, 12GB DDR4 RAM, 512GB SSD, Fingerprint Reader, WiFi,HDMI, Windows 10 S + AllyFlex Mouspad",699,https://www.amazon.com//ASUS-Touchscreen-Quad-Core-i5-1035G1-Fingerprint/dp/B08MX1J4Q2/ref=sr_1_19?dchild=1&keywords=Asus+Laptop&qid=1619547562&sr=8-19,4.4,ASUS,Windows 10,12 GB
"ASUS VivoBook 15.6"" FHD Touchscreen Notebook - Intel Core i5-1035G1 1.0GHz - 8GB RAM 256GB PCIe SSD - Webcam - Windows 10 Home, Black",559,https://www.amazon.com//ASUS-VivoBook-15-6-Touchscreen-Notebook/dp/B08NCWJ4LC/ref=sr_1_29?dchild=1&keywords=Asus+Laptop&qid=1619547562&sr=8-29,4.4,ASUS,Windows 10,8 GB
"ASUS ZenBook Flip 13 OLED Ultra Slim 2-in-1 Laptop, 13.3” OLED FHD Touch Screen, Intel Evo Platform Core i7-1165G7, 16GB RAM, 1TB SSD, Windows 10 Home, AI Noise-Cancellation, Pine Grey, UX363EA-IH74T",1199.75,https://www.amazon.com//ASUS-Platform-i7-1165G7-Noise-Cancellation-UX363EA-IH74T/dp/B08XYJ5Y47/ref=sr_1_5?dchild=1&keywords=Asus+Laptop&qid=1619547336&sr=8-5,4.3,ASUS,Windows 10 Home,16 GB
"ASUS - ROG Zephyrus 15.6"" QHD Gaming Laptop - AMD Ryzen 9 - 16GB Memory - NVIDIA GeForce RTX 3070 - 1TB SSD - Eclipse Grey - Eclipse Grey",2366.94,https://www.amazon.com//ASUS-Zephyrus-Gaming-GeForce-Eclipse/dp/B08V8CDP8Q/ref=sr_1_36?dchild=1&keywords=Asus+Laptop&qid=1619547562&sr=8-36,4.2,ASUS,Windows 10,16 GB
"Newest Flagship ASUS VivoBook E12, 11.6"" HD (1366 x 768), Intel Celeron N3060, 4 GB LPDDR4, 64GB eMMC, Intel HD Graphics 500, Windows 10 Home in S Mode, L203NADS04, with KWALICABLE Accessory Bundle",259,https://www.amazon.com//gp/slredirect/picassoRedirect.html/ref=pa_sp_atf_next_aps_sr_pg2_1?ie=UTF8&adId=A026522120Z875G5G5TZK&url=%2FFlagship-ASUS-L203NADS04-KWALICABLE-Accessory%2Fdp%2FB08KFP1Y1P%2Fref%3Dsr_1_17_sspa%3Fdchild%3D1%26keywords%3DHP%2BLaptop%26qid%3D1619547163%26sr%3D8-17-spons%26psc%3D1&qualifier=1619547163&id=6896911371801837&widgetName=sp_atf_next,4.1,ASUS,Windows 10,4 GB
"ASUS VivoBook L203NA Laptop, 11.6” HD Display, Intel Celeron N3350 Processor, 4GB RAM, 64GB Storage, USB-C, Windows 10 Home in S Mode, Up to 10 Hours Battery Life, One Year Microsoft 365, L203NA-DS04",235,https://www.amazon.com//ASUS-L203NA-DS04-90NB0EZ2-M07470/dp/B081V3HX3L/ref=sr_1_20?dchild=1&keywords=Asus+Laptop&qid=1619547562&sr=8-20,4.1,ASUS,Windows 10 S,64 GB
"2021 Newest ASUS VivoBook 17.3"" Thin and Light Laptop, FHD Display, Ryzen 3 3250U(Up to 3.5GHz, Beat i5-7200U), 12GB RAM, 256GB SSD+1TB HDD, Webcam, HDMI, USB-C, AMD Radeon Vega 3, Win 10+AllyFlex MP",599,https://www.amazon.com//ASUS-VivoBook-Display-i5-7200U-AllyFlex/dp/B08V1ZY2LB/ref=sr_1_32?dchild=1&keywords=Asus+Laptop&qid=1619547562&sr=8-32,4,ASUS,Windows 10 Home,12 GB
"ASUS Vivobook R 15.6-inch FHD Touch-Screen 128GB SSD Intel i3-1005G1 up to 3.4GHz (4GB RAM, Windows 10 Home, HDMI, SD Card Reader) Slate Gray, R564JA-UH31T",415,https://www.amazon.com//ASUS-15-6-inch-Touch-Screen-i3-1005G1-R564JA-UH31T/dp/B08SYYWZT5/ref=sr_1_35?dchild=1&keywords=Asus+Laptop&qid=1619547562&sr=8-35,3.8,ASUS,Windows 10 Home,4 GB
"ASUS VivoBook 15 Thin & Light Laptop, 15.6"" Full HD Touchscreen, Intel Core i5-1035G1 Processor, 20GB DDR4 RAM, 1TB PCIe SSD, Fingerprint Reader, Webcam, HDMI, Windows 10 Home, KKE Mousepad",799,https://www.amazon.com//gp/slredirect/picassoRedirect.html/ref=pa_sp_atf_aps_sr_pg1_1?ie=UTF8&adId=A00191351GNJEYRI82FOQ&url=%2FASUS-Touchscreen-i5-1035G1-Processor-Fingerprint%2Fdp%2FB08Z4BRKVK%2Fref%3Dsr_1_1_sspa%3Fdchild%3D1%26keywords%3DAsus%2BLaptop%26qid%3D1619547336%26sr%3D8-1-spons%26psc%3D1%26smid%3DA3QR4864ATM9Z9&qualifier=1619547336&id=4289624135450483&widgetName=sp_atf,,ASUS,Windows 10,20 GB
"ASUS ROG Strix G15 (2020) Gaming Laptop, 15.6” 144Hz FHD IPS, NVIDIA GeForce GTX 1660 Ti, Intel Core i7-10750H, 16GB DDR4, 512GB PCIe NVMe SSD, RGB Keyboard, Windows 10 Home, G512LU-RS74",1299.99,https://www.amazon.com//ASUS-Premium-Quad-Core-Backlit-Keyboard/dp/B087V2N9HQ/ref=sr_1_22?dchild=1&keywords=Asus+Laptop&qid=1619547562&sr=8-22,,ASUS,Windows 10 Home,16 GB
"2021 ASUS VivoBook 15.6"" FHD Touchscreen Laptop Computer, 2 Core Intel Core i3-1005G1 1.20 GHz, 8GB RAM, 128GB SSD,Backlit Keyboard,No DVD, Webcam,Bluetooth,Wi-FiHDMI,Windows 10 S | VATTE HDMI Cable",479.99,https://www.amazon.com//ASUS-Touchscreen-i3-1005G1-Bluetooth-Wi-FiHDMI/dp/B08ZJJ44P9/ref=sr_1_24?dchild=1&keywords=Asus+Laptop&qid=1619547562&sr=8-24,,ASUS,Windows 10 S,8 GB
Asus Vivobook L510 Ultra Thin Laptop I 15.6” FHD Display I Intel Celeron N4020 I 4GB RAM 64GB eMMC I Backlit Fingerprint USB-C HDMI Win10S + 2Weeks SkyCare Support,319.99,https://www.amazon.com//Vivobook-Display-Celeron-Backlit-Fingerprint/dp/B08Z1HXK6H/ref=sr_1_31?dchild=1&keywords=Asus+Laptop&qid=1619547562&sr=8-31,,ASUS,Windows 10 S,4 GB
"Dell XPS 15 7590 Laptop: Core i7-9750H, 32GB RAM, 1TB PCIe SSD, 15.6"" 4K OLED 400-nits Display (3840 X 2160), Nvidia GTX 1650",1799.98,https://www.amazon.com//Dell-XPS-15-7590-Laptop/dp/B082GHR72W/ref=sr_1_16?dchild=1&keywords=Dell+Laptop&qid=1619548015&sr=8-16,5,Dell,Windows 10,32 GB
"2020 Dell Inspiron 3793 17.3"" Full HD High Performance Laptop PC, Intel Core i7-1065G7 Quad-Core Processor, 8GB DDR4 RAM, 512GB SSD, Intel Iris Plus Graphics, DVD, HDMI, WiFi, Windows 10, Black",850,https://www.amazon.com//Dell-Performance-i7-1065G7-Quad-Core-Processor/dp/B08JG4GNCB/ref=sr_1_26?dchild=1&keywords=Dell+Laptop&qid=1619548172&sr=8-26,4.7,Dell,Windows 10 Home,8 GB
"Dell Inspiron 15 3502 Intel(R) Celeron(R) Processor N4020 Processor 128GB Solid State Drive 4GB, 1x4GB, DDR4 15.6-inch HD (1366 x 768) Anti-Glare LED-Backlit Non-Touch Narrow Border Displa",318.9,https://www.amazon.com//Dell-3502-Processor-Anti-Glare-LED-Backlit/dp/B08WKX53DV/ref=sr_1_32?dchild=1&keywords=Dell+Laptop&qid=1619548172&sr=8-32,4.7,Dell,"Windows 10 Home (S mode) 64-bit, English",4 GB
"2021 Flagship Dell Inspiron 15 5000 Laptop Computer 15.6"" Full HD Display 11th Gen Intel Quad-Core i7-1165G7 32GB DDR4 1TB SSD MaxxAudio Backlit Webcam HDMI WiFi USB-C Win 10",980.26,https://www.amazon.com//Dell-5593-Touchscreen-i7-10510U-MaxxAudio/dp/B08545LHN8/ref=sr_1_14?dchild=1&keywords=Dell+Laptop&qid=1619548015&sr=8-14,4.6,Dell,Windows 10,32 GB
"Dell Gaming G3 15 3500, 15.6 inch FHD Non-Touch Laptop - Intel Core i7-10750H, 16GB DDR4 RAM, 512GB SSD, NVIDIA GeForce RTX 2060 6GB GDDR6, Windows 10 Home - Black (Latest Model)",1299.99,https://www.amazon.com//Dell-G3-15-3500-i7-10750H/dp/B089HR6CQP/ref=sr_1_31?dchild=1&keywords=Dell+Laptop&qid=1619548172&sr=8-31,4.6,Dell,Windows 10 Home,16 GB
"2021 Newest Dell Inspiron 15.6"" HD Business Laptop, Intel 4205U, 16GB RAM, 512GB PCIe SSD, Webcam, WiFi, Bluetooth, Win10 Pro, Black",599,https://www.amazon.com//Dell-Inspiron-Business-Wireless-Bluetooth/dp/B085VXM6JQ/ref=sr_1_8?dchild=1&keywords=Dell+Laptop&qid=1619548015&sr=8-8,4.5,Dell,Windows 10,16 GB
"2021 Dell Inspiron 15 3593 15.6"" HD Touchscreen Laptop Computer, Intel Quad-Core i7-1065G7, 12GB RAM, 512GB PCIe SSD, Intel Iris Plus Graphics, MaxxAudio, HD Webcam, Win 10 S",789,https://www.amazon.com//Dell-Inspiron-Touchscreen-Quad-Core-i7-1065G7/dp/B08L71B2Z8/ref=sr_1_10?dchild=1&keywords=Dell+Laptop&qid=1619548015&sr=8-10,4.5,Dell,Windows 10 S,12 GB
"Dell XPS7390 13"" InfinityEdge Touchscreen Laptop, Newest 10th Gen Intel i5-10210U, 8GB RAM, 256GB SSD, Windows 10 Home",807,https://www.amazon.com//Dell-XPS7390-InfinityEdge-Touchscreen-i5-10210U/dp/B07ZSFXPZX/ref=sr_1_13?dchild=1&keywords=Dell+Laptop&qid=1619548015&sr=8-13,4.5,Dell,Windows 10,8 GB
"2021 Newest Dell Inspiron 15 Business Laptop Computer: 15.6"" HD Display, Intel Dual-Core Celeron N4020(Up to 2.8GHz), 8GB RAM, 1TB HDD, WiFi, Bluetooth, HDMI, Webcam, Windows 10 S, Gift Mousepad",449,https://www.amazon.com//gp/slredirect/picassoRedirect.html/ref=pa_sp_btf_aps_sr_pg1_1?ie=UTF8&adId=A01507513ACVNZ6C81QEK&url=%2FDell-Inspiron-15-Business-Computer%2Fdp%2FB08Y2GXCWW%2Fref%3Dsr_1_22_sspa%3Fdchild%3D1%26keywords%3DDell%2BLaptop%26qid%3D1619548015%26sr%3D8-22-spons%26psc%3D1%26smid%3DAWVDPEZSR45X1&qualifier=1619548015&id=4606835033019891&widgetName=sp_btf,4.5,Dell,Windows 10 S,8 GB
"2020 Dell Inspiron 14"" Laptop Computer 10th Gen Intel i3 1005G1 Up to 3.4GHz 4GB DDR4 RAM 128GB PCIe SSD Untel UHD Graphics HDMI 802.11ac WiFi Bluetooth 4.1 Windows 10",379,https://www.amazon.com//Dell-Inspiron-Computer-Graphics-Bluetooth/dp/B081ZFFJ46/ref=sr_1_22?dchild=1&keywords=Dell+Laptop&qid=1619548172&sr=8-22,4.5,Dell,Windows 10,4 GB
"Dell Inspiron 15 5000 Series 5502 Laptop i7-1165G7 Processor, 8GB, 1x8GB, 256GB M.2 PCIe NVMe Solid State Drive, 15.6-inch FHD (1920 x 1080) Anti-Glare LED Backlight Non-Touch Display",714.9,https://www.amazon.com//Dell-5502-i7-1165G7-Processor-Anti-Glare/dp/B08NH5R398/ref=sr_1_23?dchild=1&keywords=Dell+Laptop&qid=1619548172&sr=8-23,4.5,Dell,Windows 10 Home,8 GB
"Dell Inspiron 15 3000 (3593) Laptop Computer - 15.6 inch HD Anti-Glare Display (Intel Core 11th Gen i5-1035G1, 8GB, 256GB PCIe M.2 NVMe SSD, Camera) Windows 10 Home",531,https://www.amazon.com//Dell-Inspiron-3000-Laptop-Computer/dp/B08R62MNF4/ref=sr_1_24?dchild=1&keywords=Dell+Laptop&qid=1619548172&sr=8-24,4.5,Dell,Windows 10,8 GB
"2021 Newest Dell Inspiron 3000 Laptop, 15.6 HD LED-Backlit Display, Intel Celeron Processor N4020, 8GB DDR4 RAM, 128GB PCIe SSD, Online Meeting Ready, Webcam, WiFi, HDMI, Bluetooth, Win10 Home, Black",439,https://www.amazon.com//gp/slredirect/picassoRedirect.html/ref=pa_sp_atf_aps_sr_pg1_1?ie=UTF8&adId=A064336636W2LOTA81WOD&url=%2FDell-Inspiron-LED-Backlit-Processor-Bluetooth%2Fdp%2FB08X1D9WWJ%2Fref%3Dsr_1_1_sspa%3Fdchild%3D1%26keywords%3DDell%2BLaptop%26qid%3D1619548015%26sr%3D8-1-spons%26psc%3D1%26smid%3DA3QR4864ATM9Z9&qualifier=1619548015&id=4606835033019891&widgetName=sp_atf,4.4,Dell,Windows 10,8 GB
Dell Inspiron 3583 15” Laptop Intel Celeron – 128GB SSD – 4GB DDR4 – 1.6GHz - Intel UHD Graphics 610 - Windows 10 Home - Inspiron 15 3000 Series - New,336.86,https://www.amazon.com//Dell-Inspiron-3583-Laptop-Celeron/dp/B08HSNRFTX/ref=sr_1_4?dchild=1&keywords=Dell+Laptop&qid=1619548015&sr=8-4,4.4,Dell,Windows 10,4 GB
"Dell Inspiron 15 5502 Thin & Light Laptop, 15.6 inch FHD - Intel Core i7-1165G7, 8GB 3200MHz DDR4 RAM, 512GB SSD, NVIDIA GeForce MX330 2GB GDDR5, Windows 10 Home - Platinum Silver (Latest Model)",980,https://www.amazon.com//Dell-Inspiron-5502-Light-Laptop/dp/B08MVFT3RT/ref=sr_1_6?dchild=1&keywords=Dell+Laptop&qid=1619548015&sr=8-6,4.4,Dell,Windows 10 Home,8 GB
"Dell Inspiron 15.6"" HD Laptop, Intel 4205U Processor, 8GB DDR4 RAM, 1TB HDD, Online Class Ready, Webcam, WiFi, HDMI, Bluetooth, Win10 Home, Black",499,https://www.amazon.com//Dell-Inspiron-Laptop-Processor-Bluetooth/dp/B08HY7KWJ6/ref=sr_1_9?dchild=1&keywords=Dell+Laptop&qid=1619548015&sr=8-9,4.4,Dell,Windows 10 Home,8 GB
"Dell Inspiron 17 17.3"" i3793-7275SLV-PUS 10th Gen Intel Core i7-1065G7 16GB RAM 2TB HDD + 256GB SSD DVD-RW 2GB NVIDIA MX230 (1920 x 1080) Display Windows 10 Home",970,https://www.amazon.com//Dell-Inspiron-i3793-7275SLV-PUS-i7-1065G7-Display/dp/B081K9QZDF/ref=sr_1_18?dchild=1&keywords=Dell+Laptop&qid=1619548015&sr=8-18,4.4,Dell,Windows 10,16 GB
"2021 Newest Dell Inspiron 3000 Laptop, 15.6 HD LED-Backlit Display, Intel Celeron Processor N4020, 16GB DDR4 RAM, 1TB Hard Disk Drive, Online Meeting Ready, Webcam, WiFi, HDMI, Win10 Home, Black",519,https://www.amazon.com//gp/slredirect/picassoRedirect.html/ref=pa_sp_atf_next_aps_sr_pg2_1?ie=UTF8&adId=A01493421O5Z17B2Y78YW&url=%2FDell-Inspiron-LED-Backlit-Display-Processor%2Fdp%2FB08X1KKFKP%2Fref%3Dsr_1_17_sspa%3Fdchild%3D1%26keywords%3DDell%2BLaptop%26qid%3D1619548172%26sr%3D8-17-spons%26psc%3D1%26smid%3DA3QR4864ATM9Z9&qualifier=1619548172&id=8130808172899108&widgetName=sp_atf_next,4.4,Dell,Windows 10,16 GB
"DELL 2021 Newest inspiron 15 3000 PC Laptop, 15.6"" HD Anti-Glare Non-Touch Display, Intel 2-Core 4205U Processor, 8GB RAM, 128GB PCIe SSD, Webcam, Bluetooth, Win 10",439,https://www.amazon.com//gp/slredirect/picassoRedirect.html/ref=pa_sp_atf_next_aps_sr_pg2_1?ie=UTF8&adId=A01046963RCGER1WXMZQ&url=%2Finspiron-Anti-Glare-Non-Touch-Processor-Bluetooth%2Fdp%2FB08TPLQCF4%2Fref%3Dsr_1_18_sspa%3Fdchild%3D1%26keywords%3DDell%2BLaptop%26qid%3D1619548172%26sr%3D8-18-spons%26psc%3D1%26smid%3DAWC4R9IGPA4LI&qualifier=1619548172&id=8130808172899108&widgetName=sp_atf_next,4.4,Dell,Windows 10 Home,8 GB
"Dell Inspiron 17 3793 2020 Premium 17.3” FHD Laptop Notebook Computer, 10th Gen 4-Core Intel Core i5-1035G1 1.0 GHz, 16GB RAM, 512GB SSD + 1TB HDD, DVD,Webcam,Bluetooth,Wi-Fi,HDMI, Win 10 Home",840,https://www.amazon.com//Dell-Inspiron-Notebook-i5-1035G1-Bluetooth/dp/B082MSPDL8/ref=sr_1_20?dchild=1&keywords=Dell+Laptop&qid=1619548172&sr=8-20,4.4,Dell,Windows 10,16 GB
"2021 Newest Dell Inspiron 15 3000 Series 3593 Laptop, 15.6"" HD Non-Touch, 10th Gen Intel Core i3-1005G1 Processor, 8GB RAM, 1TB Hard Disk Drive, Webcam, HDMI, Wi-Fi, Bluetooth, Windows 10 Home, Black",479,https://www.amazon.com//Dell-Inspiron-Touchscreen-i3-1005G1-Wireless-AC/dp/B087ZR3671/ref=sr_1_29?dchild=1&keywords=Dell+Laptop&qid=1619548172&sr=8-29,4.4,Dell,Windows 10,8 GB
"2021 Newest Dell Inspiron 3000 Laptop, 15.6 HD LED-Backlit Display, Intel Pentium Gold 5405U Processor, 8GB RAM, 128GB SSD, Online Meeting Ready, Webcam, WiFi, HDMI, Bluetooth, Win10 Home, Black",459,https://www.amazon.com//gp/slredirect/picassoRedirect.html/ref=pa_sp_atf_aps_sr_pg1_1?ie=UTF8&adId=A04136581YKHR5YKBIESW&url=%2FDell-Inspiron-LED-Backlit-Processor-Bluetooth%2Fdp%2FB08VWYD178%2Fref%3Dsr_1_2_sspa%3Fdchild%3D1%26keywords%3DDell%2BLaptop%26qid%3D1619548015%26sr%3D8-2-spons%26psc%3D1%26smid%3DA3QR4864ATM9Z9&qualifier=1619548015&id=4606835033019891&widgetName=sp_atf,4.3,Dell,Windows 10,8 GB
"2021 Newest Dell Inspiron 3000 Laptop, 15.6 HD LED-Backlit Display, Intel Pentium Silver N5030 Processor, 16GB DDR4 RAM, 256GB PCIe Solid State Drive, Online Meeting Ready, Webcam, Win10 Home, Black",529,https://www.amazon.com//Dell-Inspiron-LED-Backlit-Display-Processor/dp/B08X1CKDRG/ref=sr_1_5?dchild=1&keywords=Dell+Laptop&qid=1619548015&sr=8-5,4.3,Dell,Windows 10,16 GB
"2021 Newest Dell Inspiron 3000 Business Laptop, 15.6 HD LED-Backlit Display, Intel Celeron Processor N4020, 8GB DDR4 RAM, 128GB PCIe SSD, Online Meeting Ready, Webcam, WiFi, HDMI, Win10 Pro, Black",469,https://www.amazon.com//Dell-Inspiron-Business-LED-Backlit-Processor/dp/B08X1LWZMB/ref=sr_1_15?dchild=1&keywords=Dell+Laptop&qid=1619548015&sr=8-15,4.3,Dell,Windows 10,8 GB
2021 Dell Inspiron 15 3505 Laptop Computer 15.6” HD Narrow Border Display AMD Ryzen 3 3250U Processor 8GB RAM 128GB SSD HDMI Wifi5 MaxxAudio Win10,448,https://www.amazon.com//Dell-Inspiron-3505-Processor-MaxxAudio/dp/B08PQ6S6CH/ref=sr_1_19?dchild=1&keywords=Dell+Laptop&qid=1619548015&sr=8-19,4.1,Dell,Windows 10 Home,8 GB
"2021 Latest Dell Inspiron 17 3000 3793 Laptop 17.3"" FHD WLED Intel Core i3-1005G1 Processor, 8GB DDR4 RAM, 1TB HDD, DVDRW, HDMI, USB 3.1, Webcam, Numeric Keypad, Bluetooth, Windows 10 Home, Black",669.99,https://www.amazon.com//Dell-Inspiron-3793-i3-1005G1-Processor/dp/B08YXFJ18M/ref=sr_1_19?dchild=1&keywords=Dell+Laptop&qid=1619548172&sr=8-19,4,Dell,Windows 10 Home,8 GB
"Dell XPS 13 (9310), 13.4- inch FHD+ Touch Laptop - Intel Core i7-1185G7, 16GB 4267MHz LPDDR4x RAM, 512GB SSD, Iris Xe Graphics, Windows 10 Pro - Platinum Silver with Black Palmrest (Latest Model)",1645.7,https://www.amazon.com//Dell-13-4-inch-Touch-Laptop/dp/B08ML2PW6W/ref=sr_1_11?dchild=1&keywords=Dell+Laptop&qid=1619548015&sr=8-11,3.9,Dell,Windows 10 Pro,16 GB
"2020 Newest Dell Inspiron 11 3195 2-in-1 11.6 Inch Touchscreen Laptop (AMD A9-9420e up to 2.7GHz, 4GB DDR4 RAM, 128GB SSD, AMD Radeon R5, WiFi, Bluetooth, HDMI, Windows 10)",329,https://www.amazon.com//Dell-Inspiron-Touchscreen-A9-9420e-Bluetooth/dp/B07Y5P8L5Y/ref=sr_1_30?dchild=1&keywords=Dell+Laptop&qid=1619548172&sr=8-30,3.9,Dell,Windows 10 S,4 GB
"Latest_Dell XPS 13.3"" FHD InfinityEdge Display Laptop, 10th Gen Intel i7-10510U Processor , 8GB RAM, 512GB SSD, Wireless+Bluetooth, Backlit Keyboard, Fingerprint Reader, HDMI，Window 10",945,https://www.amazon.com//Latest_Dell-XPS-InfinityEdge-Fingerprint-HDMI%EF%BC%8CWindow/dp/B08H8PSFYX/ref=sr_1_33?dchild=1&keywords=Dell+Laptop&qid=1619548172&sr=8-33,3.8,Dell,Windows 10,8 GB
"2021 Flagship Dell Inspiron 15 5000 15.6 inch FHD Laptop 11th Gen Intel Quad-Core i5-1135G7 16GB DDR4 RAM, 512GB SSD, Backlit Keyboard, Windows 10 Home - Silver (Latest Model), LPT Accessory",799.99,https://www.amazon.com//Flagship-Dell-15-Quad-Core-i5-1135G7/dp/B08XNHQVN3/ref=sr_1_21?dchild=1&keywords=Dell+Laptop&qid=1619548015&sr=8-21,3.6,Dell,Windows 10,16 GB
"2021 Dell Inspiron 15 3593 15.6” HD Touchscreen Laptop, Intel Core i7-1065G7 Processor, 12GB Memory, 512GB SSD, Intel Iris Plus Graphics, HDMI, Windows 10 S, Black, W/ IFT Accessories",799,https://www.amazon.com//Dell-Touchscreen-i7-1065G7-Processor-Accessories/dp/B08V8MJFGH/ref=sr_1_25?dchild=1&keywords=Dell+Laptop&qid=1619548172&sr=8-25,3,Dell,Windows 10 S,8 GB
Dell Latitude 5400 - 14inch Laptop - Intel Core i7-8665u - 512GB SSD - 32GB DDR4 - Windows 10 Pro 64-bit + Zipnology Screen Cleaning Cloth Bundle - New,1258.79,https://www.amazon.com//gp/slredirect/picassoRedirect.html/ref=pa_sp_mtf_aps_sr_pg1_1?ie=UTF8&adId=A092508927ZVSM2FLM8JG&url=%2FDell-Latitude-5400-i7-8665u-Zipnology%2Fdp%2FB09122STX4%2Fref%3Dsr_1_12_sspa%3Fdchild%3D1%26keywords%3DDell%2BLaptop%26qid%3D1619548015%26sr%3D8-12-spons%26psc%3D1&qualifier=1619548015&id=4606835033019891&widgetName=sp_mtf,,Dell,Windows 10,32 GB
"2021 Dell Inspiron 14 5493 14"" FHD 1080p Laptop, Intel Core i5-1035G1 Quad-Core Processor, 8GB RAM, 512GB SSD, Backlit Keyboard, HDMI, Windows 10, Silver, W/ IFT Accessories",699,https://www.amazon.com//Dell-i5-1035G1-Quad-Core-Processor-Accessories/dp/B08S5JRG1B/ref=sr_1_20?dchild=1&keywords=Dell+Laptop&qid=1619548015&sr=8-20,,Dell,Windows 10 Home,8 GB
"2021 Latest Dell Inspiron 5000 Series 5502 15.6"" FHD Laptop 11th Gen Intel Quad-Core i7-1165G7 16GB RAM 512GB SSD Backlit Keyboard FP Reader Webcam USB-C Windows 10 Silver LPT Cloth",899.99,https://www.amazon.com//Dell-Inspiron-5502-Quad-Core-i7-1165G7/dp/B08XNYMZBP/ref=sr_1_21?dchild=1&keywords=Dell+Laptop&qid=1619548172&sr=8-21,,Dell,Windows 10,16 GB
HP Stream 14-cb Laptop Intel Celeron 4GB RAM 64GB eMMC 14-inch HD WLED Office 365 Personal 1-Year Win 10 s,295.98,https://www.amazon.com//HP-Stream-Celeron-14-inch-Personal/dp/B08LDBDRV6/ref=sr_1_4?dchild=1&keywords=HP+Laptop&qid=1619546647&sr=8-4,4.8,HP,Windows 10,4 GB
"2021 Newest Premium HP 17 Laptop Computer 17.3"" FHD IPS, 10th Gen Intel Quad-Core i5-10210U(Beat i7-8550U), 12GB RAM, 1TB HDD, Backlit Keyboard, HDMI, WiFi, Webcam, DVDRW, Windows 10+AllyFlex MP",779,https://www.amazon.com//HP-17-Computer-Quad-Core-i5-10210U/dp/B08WWKN1RG/ref=sr_1_21?dchild=1&keywords=HP+Laptop&qid=1619546647&sr=8-21,4.8,HP,Windows 10 Home,12 GB
"2021 Newest HP 15.6 HD Laptop for Business and Student, WLED-Backlit Display, AMD Ryzen 3 3250U(Up to 3.5GHz), 16GB RAM, 1TB HDD+128GB SSD, Ethernet, WiFi, Fast Charge, Webcam, HDMI, w/GM Accessories",639,https://www.amazon.com//gp/slredirect/picassoRedirect.html/ref=pa_sp_atf_aps_sr_pg1_1?ie=UTF8&adId=A05227782NSMNFIU199GG&url=%2FHP-Business-WLED-Backlit-Ethernet-Accessories%2Fdp%2FB08Z36VFM9%2Fref%3Dsr_1_1_sspa%3Fdchild%3D1%26keywords%3DHP%2BLaptop%26qid%3D1619546647%26sr%3D8-1-spons%26psc%3D1&qualifier=1619546647&id=6979541131164405&widgetName=sp_atf,4.7,HP,Windows 10,16 GB
"2021 HP Stream 14"" HD Thin and Light Laptop, Intel Celeron N4000 Processor, 4GB RAM, 64GB eMMC, HDMI, Webcam, WiFi, Bluetooth, 1 Year Microsoft 365, Windows 10 S, Rose Pink, W/ IFT Accessories",408.98,https://www.amazon.com//HP-Processor-Bluetooth-Microsoft-Accessories/dp/B08QXJM323/ref=sr_1_10?dchild=1&keywords=HP+Laptop&qid=1619546647&sr=8-10,4.7,HP,Windows 10 S,4 GB
"HP 17.3"" HD+ Premium Laptop: AMD Ryzen 5 4500U, 12GB DDR4 RAM, 256GB SSD, DVDRW, AMD Radeon Graphics, 802.11ac WiFi, Bluetooth 4.2, Windows 10, 17.3"" HD+ Display",759,https://www.amazon.com//HP-17-3-Premium-Laptop-Bluetooth/dp/B08RCTFS6V/ref=sr_1_33?dchild=1&keywords=HP+Laptop&qid=1619547163&sr=8-33,4.7,HP,Windows 10,12 GB
"2020 HP 15.6"" HD LED Display Laptop, Intel Pentium Gold 6405U Processor, 4GB DDR4 RAM, 128GB SSD, HDMI, Webcam, WI-FI, Windows 10 S, Scarlet Red",379.95,https://www.amazon.com//HP-Display-Pentium-Processor-Windows/dp/B08HHT31TS/ref=sr_1_8?dchild=1&keywords=HP+Laptop&qid=1619546647&sr=8-8,4.6,HP,Windows 10,4 GB
"HP 15 Laptop, AMD Ryzen 3 3250U Processor, 8 GB RAM, 256 GB SSD Storage, 15.6-inch HD Micro-Edge Display, Windows 10 Home, Long-Lasting Battery, HP Fast Charge, 720p Webcam (15-ef1021nr, 2020)",539.99,https://www.amazon.com//HP-Processor-Micro-Edge-Long-Lasting-15-ef1021nr/dp/B08N38VPL7/ref=sr_1_20?dchild=1&keywords=HP+Laptop&qid=1619546647&sr=8-20,4.6,HP,Windows 10 Home,8 GB
"HP 17.3"" Non-Touch Laptop Intel 10th Gen i5-1035G1, 1TB Hard Drive, 12GB Memory, DVD Writer, Backlit Keyboard, Windows 10 Home Silver",719.99,https://www.amazon.com//HP-Non-Touch-i5-1035G1-Backlit-Keyboard/dp/B08HCM9RRN/ref=sr_1_22?dchild=1&keywords=HP+Laptop&qid=1619547163&sr=8-22,4.6,HP,Windows 10 Home,12 GB
Newest HP Pavilion Intel Pentium Silver N5000 4GB 128GB SSD Windows 10 Laptop Red,377.98,https://www.amazon.com//Newest-HP-Pavilion-Pentium-Windows/dp/B0894DBTRV/ref=sr_1_25?dchild=1&keywords=HP+Laptop&qid=1619547163&sr=8-25,4.6,HP,Windows 10 S,4 GB
"2020 Newest HP 15.6 FHD IPS Touchscreen Laptop,10th Gen Intel Quad-Core i5-1035G1 (Up to 3.60GHz, Beat i7-8550U), 16GB RAM, 512GB SSD, Fast Charge, Webcam, HDMI, USB-A&C, WiFi, Win10,w/GM Accessories",739,https://www.amazon.com//gp/slredirect/picassoRedirect.html/ref=pa_sp_mtf_aps_sr_pg2_1?ie=UTF8&adId=A02593423WU3A9WNQGH7&url=%2FHP-Touchscreen-Quad-Core-i5-1035G1-Accessories%2Fdp%2FB08PBM5TCV%2Fref%3Dsr_1_28_sspa%3Fdchild%3D1%26keywords%3DHP%2BLaptop%26qid%3D1619547163%26sr%3D8-28-spons%26psc%3D1&qualifier=1619547163&id=6896911371801837&widgetName=sp_mtf,4.6,HP,Windows 10,16 GB
"2020 HP Pavilion 15.6"" FHD 1920 x 1080 Laptop AMD Ryzen 5 4500U 8GB SDRAM 512GB SSD Windows 10 Horizon Blue",624.98,https://www.amazon.com//HP-Pavilion-Laptop-Windows-Horizon/dp/B08NXWPZRD/ref=sr_1_29?dchild=1&keywords=HP+Laptop&qid=1619547163&sr=8-29,4.6,HP,Windows 10,8 GB
"HP Chromebook 11-inch Laptop - MediaTek - MT8183 - 4 GB RAM - 32 GB eMMC Storage - 11.6-inch HD Display - with Chrome OS - (11a-na0030nr, 2020 Model, Indigo Blue)",235,https://www.amazon.com//HP-Chromebook-11-inch-Laptop-11a-na0030nr/dp/B08HHGM3MB/ref=sr_1_31?dchild=1&keywords=HP+Laptop&qid=1619547163&sr=8-31,4.6,HP,Chrome OS,4 GB
"HP Laptop, 15.6"" HD Touchscreen, AMD Athlon Gold 3150U Processor up to 3.3 GHz, 8GB DDR4 Memory, 128GB PCIe SSD, Webcam, Wireless-AC, Bluetooth, Type-C, HDMI, Windows 10, Silver, KKE Mousepad",519,https://www.amazon.com//gp/slredirect/picassoRedirect.html/ref=pa_sp_atf_aps_sr_pg1_1?ie=UTF8&adId=A06097181A6JFM6U1ASIH&url=%2FHP-Touchscreen-Processor-Wireless-AC-Bluetooth%2Fdp%2FB08DBHS916%2Fref%3Dsr_1_2_sspa%3Fdchild%3D1%26keywords%3DHP%2BLaptop%26qid%3D1619546647%26sr%3D8-2-spons%26psc%3D1%26smid%3DA3QR4864ATM9Z9&qualifier=1619546647&id=6979541131164405&widgetName=sp_atf,4.5,HP,Windows 10,32 GB
"HP Stream 14-inch Laptop, Intel Celeron N4000, 4 GB RAM, 64 GB eMMC, Windows 10 Home in S Mode with Office 365 Personal for 1 Year (14-cb185nr, Royal Blue)",293,https://www.amazon.com//HP-14-inch-Celeron-Personal-14-cb185nr/dp/B084SKWC89/ref=sr_1_6?dchild=1&keywords=HP+Laptop&qid=1619546647&sr=8-6,4.5,HP,Windows 10 Home,4 GB
"HP Pavilion 15 Laptop, 11th Gen Intel Core i7-1165G7 Processor, 16 GB RAM, 512 GB SSD Storage, Full HD IPS Micro-Edge Display, Windows 10 Pro, Compact Design, Long Battery Life (15-eg0021nr, 2020)",1198,https://www.amazon.com//HP-i7-1165G7-Processor-Micro-Edge-15-eg0021nr/dp/B08KGYDR16/ref=sr_1_11?dchild=1&keywords=HP+Laptop&qid=1619546647&sr=8-11,4.5,HP,Windows 10 Pro,16 GB
"2021 Newest HP Stream 14-inch HD Laptop, White, Intel N4020 up to 2.8 G, 4G RAM, 128G Space(64G eMMC+64G Micro SD), WiFi, Webcam, Bluetooth, Windows 10 S, Office 365 Personal for 1 Year, Allyflex MP",349,https://www.amazon.com//gp/slredirect/picassoRedirect.html/ref=pa_sp_mtf_aps_sr_pg1_1?ie=UTF8&adId=A09398753JGE3B5FJ9Y3T&url=%2FHP-14-inch-Bluetooth-Personal-Allyflex%2Fdp%2FB08NHSVG6W%2Fref%3Dsr_1_12_sspa%3Fdchild%3D1%26keywords%3DHP%2BLaptop%26qid%3D1619546647%26sr%3D8-12-spons%26psc%3D1%26smid%3DAWVDPEZSR45X1&qualifier=1619546647&id=6979541131164405&widgetName=sp_mtf,4.5,HP,Windows 10 S,4 GB
"HP Chromebook 14-inch HD Laptop, Intel Celeron N4000, 4 GB RAM, 32 GB eMMC, Chrome (14a-na0010nr, Mineral Silver)",226.99,https://www.amazon.com//HP-Chromebook-14-inch-Celeron-14a-na0010nr/dp/B08529TZMC/ref=sr_1_13?dchild=1&keywords=HP+Laptop&qid=1619546647&sr=8-13,4.5,HP,Chrome OS,4 GB
"HP Stream 14-Inch Touchscreen Laptop, AMD Gold 3150U, 4 GB SDRAM, 64 GB eMMC, Windows 10 Home in S Mode with Office 365 Personal for One Year (Silver), cm Accessories",359.99,https://www.amazon.com//HP-14-Inch-Touchscreen-Personal-Accessories/dp/B08NM1R8GC/ref=sr_1_14?dchild=1&keywords=HP+Laptop&qid=1619546647&sr=8-14,4.5,HP,Windows 10,4 GB
"2020 HP 17.3"" HD+ Premium Laptop Computer, AMD Ryzen 5 3500U Quad-Core Up to 3.7GHz, 12GB DDR4 RAM, 256GB SSD, DVDRW, AMD Radeon Vega 8, 802.11ac WiFi, Bluetooth 4.2, USB 3.1, HDMI, Black, Windows 10",651.31,https://www.amazon.com//HP-Computer-Quad-Core-802-11ac-Bluetooth/dp/B082NZX92C/ref=sr_1_20?dchild=1&keywords=HP+Laptop&qid=1619547163&sr=8-20,4.5,HP,Windows 10,12 GB
"2020 HP Stream 11.6 inch Laptop Computer Intel Celeron N4020 Upto 2.8 GHz, 4GB RAM, 32GB eMMC Storage, Windows 10 Home, 13Hr Battery Life, Office 365 1Year, (Rose Pink)",295,https://www.amazon.com//HP-Computer-Celeron-Storage-Windows/dp/B08PQFKHC7/ref=sr_1_24?dchild=1&keywords=HP+Laptop&qid=1619547163&sr=8-24,4.5,HP,Windows 10 Home,4 GB
"2020 HP 14"" HD (1366 x 768) Laptop PC, AMD Ryzen 3 3250U Dual-Core Processor, 4GB DDR4 RAM, 1TB Hard Drive, HDMI, AMD Radeon Vega 3 Graphics, Windows 10 Home, Silver (Google Classroom Compatible)",379.95,https://www.amazon.com//HP-Dual-Core-Processor-Classroom-Compatible/dp/B08KZL5GML/ref=sr_1_26?dchild=1&keywords=HP+Laptop&qid=1619547163&sr=8-26,4.5,HP,Windows 10 Home,4 GB
"HP 15 Laptop, 11th Gen Intel Core i5-1135G7 Processor, 8 GB RAM, 256 GB SSD Storage, 15.6” Full HD IPS Display, Windows 10 Home, HP Fast Charge, Lightweight Design (15-dy2021nr, 2020)",649.99,https://www.amazon.com//HP-i5-1135G7-Processor-Lightweight-15-dy2021nr/dp/B08KGZ79N6/ref=sr_1_3?dchild=1&keywords=HP+Laptop&qid=1619546647&sr=8-3,4.4,HP,Windows 10 Home,8 GB
"2021 HP 14"" HD Slim and Light Laptop, Intel Celeron N4020 Processor, 4GB RAM, 64GB eMMC, Webcam, HDMI, Windows 10 S, 1 Year Office 365 /IFT Accessories (Google Classroom or Zoom Compatible) White",358.9,https://www.amazon.com//HP-Processor-Accessories-Classroom-Compatible/dp/B08QGQC9TW/ref=sr_1_5?dchild=1&keywords=HP+Laptop&qid=1619546647&sr=8-5,4.4,HP,Windows 10 S,4 GB
"2020 Newest HP 15.6"" HD Touchscreen Laptop Computer,Intel 10th Gen Core i3-1005G1(Up to 3.4GHz, Beat i5-7200U), 16GB RAM, 512GB SSD, Intel UHD Graphics, USB-A&C, Webcam, HDMI, WiFi, w/GM Accessories",639,https://www.amazon.com//gp/slredirect/picassoRedirect.html/ref=pa_sp_mtf_aps_sr_pg1_1?ie=UTF8&adId=A09456192A2IUU6ONRY63&url=%2FHP-Touchscreen-Computer-i3-1005G1-Accessories%2Fdp%2FB08B3WSH79%2Fref%3Dsr_1_7_sspa%3Fdchild%3D1%26keywords%3DHP%2BLaptop%26qid%3D1619546647%26sr%3D8-7-spons%26psc%3D1&qualifier=1619546647&id=6979541131164405&widgetName=sp_mtf,4.4,HP,Windows 10,16 GB
"HP 14-fq0032ms Laptop for Business and Student, 14"" LED Touchscreen, AMD Ryzen 3 3250U Processor(up to 3.5 GHz), 8GB RAM, 128GB SSD, Webcam, WiFi, Ethernet, HDMI, USB-A&C, Win10",407,https://www.amazon.com//HP-14-fq0032ms-Business-Touchscreen-Processor/dp/B08QHH5BZR/ref=sr_1_16?dchild=1&keywords=HP+Laptop&qid=1619546647&sr=8-16,4.4,HP,Windows 10 S,8 GB
"2021 HP 14"" HD Laptop for Business and Student, AMD Ryzen3 3250U (up to 3.5 GHz), 16GB RAM, 256GB SSD, Ethernet, USB-A&C, Webcam, WiFi, Bluetooth, HDMI, Fast Charge, Win10 S, w/GM Accessories",569,https://www.amazon.com//gp/slredirect/picassoRedirect.html/ref=pa_sp_mtf_aps_sr_pg1_1?ie=UTF8&adId=A0173071J866R86QJ85M&url=%2FHP-Business-Ethernet-Bluetooth-Accessories%2Fdp%2FB08V4PNW6H%2Fref%3Dsr_1_17_sspa%3Fdchild%3D1%26keywords%3DHP%2BLaptop%26qid%3D1619546647%26sr%3D8-17-spons%26psc%3D1&qualifier=1619546647&id=6979541131164405&widgetName=sp_mtf,4.4,HP,Windows 10,16 GB
"HP Stream 11.6-inch HD Laptop, Intel Celeron N4000, 4 GB RAM, 32 GB eMMC, Windows 10 Home in S Mode with Office 365 Personal for 1 Year (11-ak0020nr, Diamond White)",259,https://www.amazon.com//HP-11-6-inch-Celeron-Personal-11-ak0020nr/dp/B0886L3CFV/ref=sr_1_18?dchild=1&keywords=HP+Laptop&qid=1619546647&sr=8-18,4.4,HP,Windows 10 Home,4 GB
"2021 Newest HP 15"" FHD 1080P Touchscreen Laptop, 11th Gen Intel Core i5-1135G7 up to 4.2GHz (Beat i7-8750H), 16GB RAM, 512GB SSD, Intel Iris Xe Graphics, USB-A&C, HDMI, Webcam, w/GM 3in1 Accessories",789,https://www.amazon.com//gp/slredirect/picassoRedirect.html/ref=pa_sp_btf_aps_sr_pg1_1?ie=UTF8&adId=A05602253815C4UC6VJRL&url=%2FHP-Touchscreen-i5-1135G7-i7-8750H-Accessories%2Fdp%2FB08X2LQYZR%2Fref%3Dsr_1_22_sspa%3Fdchild%3D1%26keywords%3DHP%2BLaptop%26qid%3D1619546647%26sr%3D8-22-spons%26psc%3D1%26smid%3DAM0VWZ1WMK39K&qualifier=1619546647&id=6979541131164405&widgetName=sp_btf,4.4,HP,Windows 10,16 GB
"2020 Newest HP 15.6"" HD Touchscreen Laptop Computer,Intel 10th Gen Core i3-1005G1(Up to 3.4GHz, Beat i5-7200U), 8GB RAM, 256GB SSD, Intel UHD Graphics, USB-A&C, Webcam, HDMI, WiFi, w/GM Accessories",539,https://www.amazon.com//gp/slredirect/picassoRedirect.html/ref=pa_sp_mtf_aps_sr_pg2_1?ie=UTF8&adId=A0809294J5E5YN1ETXBJ&url=%2FHP-Touchscreen-Computer-i3-1005G1-Accessories%2Fdp%2FB08B3TVKVF%2Fref%3Dsr_1_27_sspa%3Fdchild%3D1%26keywords%3DHP%2BLaptop%26qid%3D1619547163%26sr%3D8-27-spons%26psc%3D1&qualifier=1619547163&id=6896911371801837&widgetName=sp_mtf,4.4,HP,Windows 10,8 GB
"2021 Newest HP Stream 14"" HD Light-weight Laptop, Intel Celeron N4000(Up to 2.6GHz), 4GB RAM, 64GB eMMC, 1-Year Office 365, Up to 11 Hours, HDMI, Wifi, Win10 S, w/128GB SD Card, GM Accessories (Black)",369,https://www.amazon.com//Newest-HP-Light-weight-Celeron-Accessories/dp/B0919RP264/ref=sr_1_30?dchild=1&keywords=HP+Laptop&qid=1619547163&sr=8-30,4.4,HP,Windows 10,4 GB
"2021 HP 15.6"" HD LED Laptop PC, Intel Core i3-1005G1 Processor, 8GB RAM, 256GB SSD, Wi-Fi 5, HDMI, Webcam, Bluetooth, Windows 10 S, Natural Silver, W/ IFT Accessories",519,https://www.amazon.com//HP-i3-1005G1-Processor-Bluetooth-Accessories/dp/B08SK13P2R/ref=sr_1_19?dchild=1&keywords=HP+Laptop&qid=1619546647&sr=8-19,4.3,HP,Windows 10 S,8 GB
2020 HP 15.6'' HD LED Display Intel Pentium Gold 6405U 4GB DDR4 RAM 500GB HDD Windows 10 Scarlet Red,379.88,https://www.amazon.com//HP-Display-Pentium-Windows-Scarlet/dp/B08KG2R1GK/ref=sr_1_19?dchild=1&keywords=HP+Laptop&qid=1619547163&sr=8-19,4.2,HP,Windows 10,4 GB
"HP 17.3"" FHD IPS Laptop, Core i5-10210U (Beat i7-8665U), HD Webcam, Backlit Keyboard, HDMI, UHD Graphics, Windows 10 Home, 12GB Memory, 1TB HDD",799,https://www.amazon.com//HP-i5-10210U-i7-8665U-Keyboard-Graphics/dp/B08QYTC6Q3/ref=sr_1_23?dchild=1&keywords=HP+Laptop&qid=1619547163&sr=8-23,3.9,HP,Windows 10 Home,12 GB
"2021 Flagship Lenovo IdeaPad S540 Business Laptop: 13.3"" QHD IPS Display, 10th Gen Intel 4-Core i5-10210U,16GB RAM, 512GB SSD, Backlit Keyboard, Windows 10",643.99,https://www.amazon.com//Flagship-Lenovo-IdeaPad-Business-Laptop/dp/B08YZ96FDH/ref=sr_1_21?dchild=1&keywords=lenovo+laptop&qid=1619548300&sr=8-21,5,Lenovo,Windows 10,16 GB
"Lenovo IdeaPad 5 15.6"" FHD IPS Touchscreen Laptop | 11th Gen Intel Core i7-1165G7 | 12GB RAM | 512GB SSD | Backlit Keyboard | Fingerprint Reader | Windows 10",876.88,https://www.amazon.com//Lenovo-Touchscreen-i7-1165G7-Keyboard-Fingerprint/dp/B08W54YSPW/ref=sr_1_25?dchild=1&keywords=lenovo+laptop&qid=1619548439&sr=8-25,4.9,Lenovo,Windows 10,12 GB
"2021 Lenovo IdeaPad 3 15.6"" FHD 1080p Laptop, Intel Core i3-1005G1 Processor, 8GB RAM, 256GB SSD, HDMI, Webcam, Wi-Fi5, Bluetooth, Windows 10, Platinum Gray w/ IFT 32GB USB 3.0 Flash Drive",499,https://www.amazon.com//Lenovo-i3-1005G1-Processor-Bluetooth-Platinum/dp/B08PJLMZK9/ref=sr_1_33?dchild=1&keywords=lenovo+laptop&qid=1619548439&sr=8-33,4.9,Lenovo,Windows 10 Home,8 GB
"Lenovo Ideapad 3 Laptop, 14"" FHD (1920x1080), Intel Core i5-1035G1, 12GB SODIMM RAM, 512GB PCIe SSD, Webcam, WiFi, Windows 10 Home, XPI Bundle",579,https://www.amazon.com//Lenovo-Ideapad-1920x1080-i5-1035G1-Windows/dp/B08XPQDC8D/ref=sr_1_5?dchild=1&keywords=lenovo+laptop&qid=1619548300&sr=8-5,4.7,Lenovo,Windows 10,12 GB
"Lenovo - IdeaPad 3 15"" Laptop - Intel Core i3-1005G1-8GB Memory - 256GB SSD - Platinum Grey - 81WE011UUS",464.9,https://www.amazon.com//Lenovo-IdeaPad-i3-1005G1-8GB-Platinum-81WE011UUS/dp/B08HYDLVZY/ref=sr_1_24?dchild=1&keywords=lenovo+laptop&qid=1619548439&sr=8-24,4.7,Lenovo,Windows 10,8 GB
Lenovo Yoga C740-14 FHD Touch - 10th gen i5-10210U - 8GB - 256GB SSD - Mica,648,https://www.amazon.com//Lenovo-Yoga-C740-14-FHD-Touch/dp/B08122HHX9/ref=sr_1_35?dchild=1&keywords=lenovo+laptop&qid=1619548439&sr=8-35,4.7,Lenovo,Windows 10 Home,8 GB
Lenovo IdeaPad 3 Intel i5-1035G1 Quad Core 12GB RAM 256GB SSD 15.6-inch Touch Screen Laptop,618,https://www.amazon.com//Lenovo-IdeaPad-i5-1035G1-15-6-inch-Screen/dp/B08NXSJVCR/ref=sr_1_6?dchild=1&keywords=lenovo+laptop&qid=1619548300&sr=8-6,4.6,Lenovo,Windows 10,12 GB
"Lenovo Legion 5 Gaming Laptop, 15.6"" FHD (1920x1080) IPS Screen, AMD Ryzen 7 4800H Processor, 16GB DDR4, 512GB SSD, NVIDIA GTX 1660Ti, Windows 10, 82B1000AUS, Phantom Black",999.99,https://www.amazon.com//Lenovo-1920x1080-Processor-Windows-82B1000AUS/dp/B08BB9RWXD/ref=sr_1_9?dchild=1&keywords=lenovo+laptop&qid=1619548300&sr=8-9,4.6,Lenovo,Windows 10 Home,16 GB
"2020 Lenovo Yoga C740 2-in-1 14"" Full HD 1080p Touchscreen Laptop PC, Intel Core i5-10210U Quad Core Processor, 8GB DDR4 RAM, 256GB SSD, Backlit Keyboard, Webcam, WiFi, Bluetooth, Windows 10, Mica",645,https://www.amazon.com//Lenovo-Touchscreen-i5-10210U-Processor-Bluetooth/dp/B08LGP41CW/ref=sr_1_13?dchild=1&keywords=lenovo+laptop&qid=1619548300&sr=8-13,4.6,Lenovo,Windows 10 Home,8 GB
"2020 Lenovo ThinkPad E15 15.6"" FHD Full HD (1920x1080) Business Laptop (Intel 10th Quad Core i5-10210U, 16GB DDR4 RAM, 512GB PCIe SSD) Type-C, HDMI, Windows 10 Pro + IST Computers HDMI Cable",959.91,https://www.amazon.com//Lenovo-ThinkPad-E15-1920x1080-i5-10210U/dp/B08726QFRM/ref=sr_1_20?dchild=1&keywords=lenovo+laptop&qid=1619548300&sr=8-20,4.6,Lenovo,Windows 10 Pro,16 GB
"Lenovo IdeaPad Flex 5 14"" Convertible Laptop, FHD (1920 x 1080) Touch Display, Intel Core i5-1035G1 Processor, 8GB DDR4 Onboard RAM, 128GB SSD, Intel UHD Graphics, Win 10, 81X1004RUS, Graphite Grey",663.28,https://www.amazon.com//gp/slredirect/picassoRedirect.html/ref=pa_sp_btf_aps_sr_pg1_1?ie=UTF8&adId=A01674852S6SJ517JWUAY&url=%2FLenovo-Convertible-i5-1035G1-Processor-81X1004RUS%2Fdp%2FB0872JDR2M%2Fref%3Dsr_1_22_sspa%3Fdchild%3D1%26keywords%3Dlenovo%2Blaptop%26qid%3D1619548300%26sr%3D8-22-spons%26psc%3D1&qualifier=1619548300&id=2236518815796834&widgetName=sp_btf,4.6,Lenovo,Windows 10 Home,8 GB
"2020 Lenovo ThinkPad E15 15.6"" FHD Full HD (1920x1080) Business Laptop (Intel 10th Quad Core i5-10210U, 32GB DDR4 RAM, 1TB SSD) Type-C, HDMI, Windows 10 Pro + HDMI Cable",1064.94,https://www.amazon.com//Lenovo-ThinkPad-E15-1920x1080-i5-10210U/dp/B086MTSCLQ/ref=sr_1_19?dchild=1&keywords=lenovo+laptop&qid=1619548439&sr=8-19,4.6,Lenovo,Windows 10 Pro,32 GB
Lenovo Ideapad 3 81WA00B1US Intel Pentium Gold 6405U Dual Core Processor 4GB RAM 128GB Solid State Drive HD LED Backlit Anti-Glare Display,327.38,https://www.amazon.com//Lenovo-Ideapad-81WA00B1US-Processor-Anti-Glare/dp/B08NHWVWYR/ref=sr_1_29?dchild=1&keywords=lenovo+laptop&qid=1619548439&sr=8-29,4.6,Lenovo,Windows 10 S,4 GB
"2021 Lenovo ThinkPad E14 Laptop 14"" FHD Business Computer, Intel Core i5-10210U (Beat i7-8550u), 16GB RAM, 512GB SSD, HDMI USB-C Wi-Fi Bluetooth Win 10 Pro w/GM Accessories",829.99,https://www.amazon.com//gp/slredirect/picassoRedirect.html/ref=pa_sp_atf_next_aps_sr_pg3_1?ie=UTF8&adId=A011226524X64D69G8VOE&url=%2FLenovo-ThinkPad-i5-10210U-Bluetooth-Accessories%2Fdp%2FB08YJJ9DXD%2Fref%3Dsr_1_34_sspa%3Fdchild%3D1%26keywords%3Dlenovo%2Blaptop%26qid%3D1619548549%26sr%3D8-34-spons%26psc%3D1&qualifier=1619548549&id=4240313659913685&widgetName=sp_atf_next,4.6,Lenovo,Windows 10,16 GB
"2020 Newest Lenovo IdeaPad 3 15"" HD Touch Screen Laptop, Intel 10th Gen Dual-Core i3-1005G1 CPU, 8GB DDR4 RAM, 256GB PCI-e SSD, Webcam, WiFi 5, Bluetooth, Windows 10 S - Almond",480,https://www.amazon.com//Lenovo-IdeaPad-Dual-Core-i3-1005G1-Bluetooth/dp/B08F41S84R/ref=sr_1_37?dchild=1&keywords=lenovo+laptop&qid=1619548549&sr=8-37,4.6,Lenovo,Windows 10 S,8 GB
"Lenovo IdeaPad 3 15"" Laptop, 15.6"" HD (1366 x 768) Display, AMD Ryzen 3 3250U Processor, 4GB DDR4 Onboard RAM, 128GB SSD, AMD Radeon Vega 3 Graphics, Windows 10, 81W10094US, Business Black",359.99,https://www.amazon.com//Lenovo-Processor-Graphics-81W10094US-Business/dp/B0872K4XCJ/ref=sr_1_3?dchild=1&keywords=lenovo+laptop&qid=1619548300&sr=8-3,4.5,Lenovo,Windows 10 S,4 GB
"Lenovo V14 Business Laptop, 14"" Full HD 1080P Screen, AMD Athlon Gold 3150U Processor, 8GB Memory, 256GB PCIe SSD, Webcam, Microphone, Wi-Fi, Bluetooth, HDMI, Windows 10 Pro , KKE Mousepad",429,https://www.amazon.com//gp/slredirect/picassoRedirect.html/ref=pa_sp_mtf_aps_sr_pg1_1?ie=UTF8&adId=A002113929XGZR0K6ERME&url=%2FLenovo-V14-Processor-Microphone-Bluetooth%2Fdp%2FB08XNJRZY8%2Fref%3Dsr_1_7_sspa%3Fdchild%3D1%26keywords%3Dlenovo%2Blaptop%26qid%3D1619548300%26sr%3D8-7-spons%26psc%3D1%26smid%3DA3QR4864ATM9Z9&qualifier=1619548300&id=2236518815796834&widgetName=sp_mtf,4.5,Lenovo,Windows 10,8 GB
"Newest Lenovo Ideapad 3 14"" HD Display Premium Laptop, Intel Pentium Gold 6405U 2.4 GHz, 8GB DDR4 RAM, 128GB SSD, Bluetooth 5.0, Webcam,WiFi,, HDMI, Windows 10 S, Black + AllyFlex Mouspad",389,https://www.amazon.com//Lenovo-Ideapad-Display-Bluetooth-AllyFlex/dp/B08NCWZZGV/ref=sr_1_11?dchild=1&keywords=lenovo+laptop&qid=1619548300&sr=8-11,4.5,Lenovo,Windows 10 S,8 GB
"2020 Lenovo IdeaPad 3 15.6"" HD High Performance Laptop, Intel Core i5-1035G1 Quad-Core Processor, 8GB Memory, 256GB SSD, HDMI, Webcam, Wi-FI 802.11AC, Windows 10, Almond (Google Classroom Compatible)",548,https://www.amazon.com//Lenovo-Performance-i5-1035G1-Quad-Core-Compatible/dp/B08HPG8JVL/ref=sr_1_23?dchild=1&keywords=lenovo+laptop&qid=1619548439&sr=8-23,4.5,Lenovo,Windows 10,8 GB
"Lenovo IdeaPad 3 14"" Laptop, 14.0"" FHD 1920 x 1080 Display, AMD Ryzen 5 3500U Processor, 8GB DDR4 RAM, 256GB SSD, AMD Radeon Vega 8 Graphics, Narrow Bezel, Windows 10, 81W0003QUS, Abyss Blue",513.89,https://www.amazon.com//Lenovo-IdeaPad-Processor-Graphics-81W0003QUS/dp/B0862269YP/ref=sr_1_26?dchild=1&keywords=lenovo+laptop&qid=1619548439&sr=8-26,4.5,Lenovo,Windows 10,8 GB
"Lenovo Flex 5 14"" 2-in-1 Laptop, 14.0"" FHD (1920 x 1080) Touch Display, AMD Ryzen 5 4500U Processor, 16GB DDR4, 256GB SSD, AMD Radeon Graphics, Digital Pen Included, Win 10, 81X20005US, Graphite Grey",589.55,https://www.amazon.com//Lenovo-Processor-Graphics-Included-81X20005US/dp/B086226DDB/ref=sr_1_4?dchild=1&keywords=lenovo+laptop&qid=1619548300&sr=8-4,4.4,Lenovo,Windows 10,16 GB
"2020 Newest Lenovo IdeaPad 3 15"" Laptop, AMD Ryzen 5 3500U Quad-Core Processor, 8GB Memory, 256GB Solid State Drive, Windows 10, Abyss Blue, 81W1009DUS (Google Classroom Compatible)",492,https://www.amazon.com//Lenovo-Quad-Core-Processor-81W1009DUS-Compatible/dp/B08HLD3N5C/ref=sr_1_15?dchild=1&keywords=lenovo+laptop&qid=1619548300&sr=8-15,4.4,Lenovo,Windows 10,4 GB
"Lenovo Ideapad 3 15 15.6"" FHD Business Laptop Computer, AMD Ryzen 5 3500U Quad-Core (Beat I7-7500U), 8GB DDR4 RAM, 256GB PCIe SSD, 802.11AC WiFi, Abyss Blue, Windows 10 Pro, iPuzzle 500GB External HD",619,https://www.amazon.com//gp/slredirect/picassoRedirect.html/ref=pa_sp_mtf_aps_sr_pg1_1?ie=UTF8&adId=A03144012GMK051O8VK47&url=%2FLenovo-Business-Computer-Quad-Core-I7-7500U%2Fdp%2FB08F9FGCWD%2Fref%3Dsr_1_17_sspa%3Fdchild%3D1%26keywords%3Dlenovo%2Blaptop%26qid%3D1619548300%26sr%3D8-17-spons%26psc%3D1%26smid%3DA2HGYE36HHO46O&qualifier=1619548300&id=2236518815796834&widgetName=sp_mtf,4.4,Lenovo,Windows 10 Pro,8 GB
"Lenovo ThinkPad E15 15.6"" Laptop: Intel 10th Gen i7-10510U Quad-Core, 16GB RAM, 512GB NVMe SSD, 15.6"" FHD 1920x1080 IPS Display, Fingerprint, Win 10 Pro, Black",1209,https://www.amazon.com//Lenovo-ThinkPad-E15-15-6-Laptop/dp/B083P6ZGTB/ref=sr_1_36?dchild=1&keywords=lenovo+laptop&qid=1619548549&sr=8-36,4.4,Lenovo,Windows 10 Pro,16 GB
"Lenovo ThinkPad E14 14"" FHD Business Laptop Computer, Intel Quad-Core i5 10210U Up to 4.2GHz (Beats i7-7500U), 8GB DDR4 RAM, 1TB HDD, AC WiFi, Bluetooth 5.0, Windows 10 Pro, 64GB USB Flash Drive",717,https://www.amazon.com//gp/slredirect/picassoRedirect.html/ref=pa_sp_mtf_aps_sr_pg1_1?ie=UTF8&adId=A03297922SLW9DPDFJGP6&url=%2FLenovo-E15-Quad-Core-i5-10210U-Microphone%2Fdp%2FB08FB1K78W%2Fref%3Dsr_1_12_sspa%3Fdchild%3D1%26keywords%3Dlenovo%2Blaptop%26qid%3D1619548300%26sr%3D8-12-spons%26psc%3D1%26smid%3DA2HGYE36HHO46O&qualifier=1619548300&id=2236518815796834&widgetName=sp_mtf,4.3,Lenovo,Windows 10 Pro,8 GB
"2021 Newest Lenovo IdeaPad 3 14"" FHD Premium Laptop, Intel Core i5-1035G1 (Beat i7-8550U), 12GB RAM 512GB SSD, Bluetooth 5, Webcam WiFi HDMI Windows 10 w/GM Accessories",599.99,https://www.amazon.com//gp/slredirect/picassoRedirect.html/ref=pa_sp_atf_aps_sr_pg1_1?ie=UTF8&adId=A0441403FURK4RTWAY8S&url=%2FLenovo-IdeaPad-i5-1035G1-Bluetooth-Accessories%2Fdp%2FB08X4D2KTJ%2Fref%3Dsr_1_2_sspa%3Fdchild%3D1%26keywords%3Dlenovo%2Blaptop%26qid%3D1619548300%26sr%3D8-2-spons%26psc%3D1&qualifier=1619548300&id=2236518815796834&widgetName=sp_atf,4.2,Lenovo,Windows 10,12 GB
"Lenovo V14 Business Laptop, 14"" Full HD 1080P Screen, AMD Athlon Gold 3150U Processor, 8GB Memory, 128GB PCIe SSD, Webcam, Microphone, Wi-Fi, Bluetooth, HDMI, Windows 10 Pro, KKE Mousepad",409,https://www.amazon.com//Lenovo-V14-Processor-Microphone-Bluetooth/dp/B08RCXNJGB/ref=sr_1_19?dchild=1&keywords=lenovo+laptop&qid=1619548300&sr=8-19,4,Lenovo,Windows 10,8 GB
"Lenovo V14 Business Laptop, 14"" Full HD 1080P Screen, AMD Athlon Gold 3150U Processor, 20GB Memory, 512GB PCIe SSD, Webcam, Microphone, Wi-Fi, Bluetooth, HDMI, Windows 10 Pro , KKE Mousepad",539,https://www.amazon.com//Lenovo-V14-Processor-Microphone-Bluetooth/dp/B08XNGYYTL/ref=sr_1_22?dchild=1&keywords=lenovo+laptop&qid=1619548439&sr=8-22,4,Lenovo,Windows 10,20 GB
"2020 Lenovo IdeaPad Laptop ComputerAMD A6-9220e 1.6GHz 4GB Memory 64GB eMMC Flash Memory 14"" AMD Radeon R4 AC WiFi Microsoft Office 365 Platinum Gray Windows 10 Home",285,https://www.amazon.com//Lenovo-IdeaPad-ComputerAMD-A6-9220e-Microsoft/dp/B081GMHQLR/ref=sr_1_31?dchild=1&keywords=lenovo+laptop&qid=1619548439&sr=8-31,4,Lenovo,Windows 10,4 GB
"Lenovo ThinkBook 13s Business Notebook with 13.3"" WQXGA (2560x1600) Screen, 11th Gen Core i5-1135G7 Processor, 16GB DDR4, 512GB SSD, Thunderbolt 4, WiFi 6, HD Webcam, Intel Evo, and Windows 10 Pro",958.3,https://www.amazon.com//Lenovo-ThinkBook-13s-2560x1600-Thunderbolt/dp/B08Y2DK89P/ref=sr_1_18?dchild=1&keywords=lenovo+laptop&qid=1619548300&sr=8-18,,Lenovo,Windows 10 Pro,16 GB
"Lenovo Yoga 7i Laptop with 14"" FHD 300 nits Touchscreen, 11th Gen Intel i7-1165G7, 512GB SSD, 12GB DDR4, Wi-Fi 6, BT 5.0, and Windows 10 Home",909.99,https://www.amazon.com//Lenovo-Yoga-7i-Touchscreen-i7-1165G7/dp/B08XRZD8HN/ref=sr_1_34?dchild=1&keywords=lenovo+laptop&qid=1619548439&sr=8-34,,Lenovo,Windows 10 Home,12 GB
"Latest Lenovo IdeaPad Flex 5 15IIL05 2 in 1 Laptop 15.6"" FHD (1920 x 1080) IPS Touchscreen Intel 4-Core i7-1065G7 (1.3/3.9 GHz) 16GB DDR4 RAM 1TB PCIe SSD Fingerprint Win 10 Home - Graphite Grey",996.99,https://www.amazon.com//Lenovo-IdeaPad-Touchscreen-i7-1065G7-Fingerprint/dp/B08YKHLYC1/ref=sr_1_36?dchild=1&keywords=lenovo+laptop&qid=1619548439&sr=8-36,,Lenovo,Windows 10 Home,16 GB
"MSI Modern 14 Professional Laptop: 14"" IPS-Level Thin Bezel Display, Intel Core i3-10110U, UMA, 8GB RAM, 512GB NVMe SSD, Win10, Carbon Gray (B10MW-281)",599,https://www.amazon.com//gp/slredirect/picassoRedirect.html/ref=pa_sp_mtf_aps_sr_pg2_1?ie=UTF8&adId=A0669644XEPZHDPA11X1&url=%2FMSI-Modern-14-Professional-Laptop%2Fdp%2FB08L54M3HW%2Fref%3Dsr_1_28_sspa%3Fdchild%3D1%26keywords%3DAsus%2BLaptop%26qid%3D1619547562%26sr%3D8-28-spons%26psc%3D1&qualifier=1619547562&id=3801075059395980&widgetName=sp_mtf,5,MSI,Windows 10,8 GB
"OEM Lenovo ThinkPad E14 14"" FHD Display 1920x1080 IPS, Intel Quad Core i5-10210U, 16GB RAM, 500GB Solid State Drive, W10P, Business Laptop",879.96,https://www.amazon.com//ThinkPad-E480-i5-7200U-Fingerprint-Storage/dp/B07HZJTF6Y/ref=sr_1_35?dchild=1&keywords=lenovo+laptop&qid=1619548549&sr=8-35,4.3,Oemgenuine,Windows 10 Pro,16 GB
"New_Lenovo IdeaPad 3 15.6"" HD Touchscreen Laptop, Intel 10th Gen Core i5-10210U, 12GB DDR4 Memory, 512GB PCIe SSD, Webcam, Wi-Fi 6, Bluetooth 5.0, HDMI, Win10, w/Shoxlab 1-M Support",649,https://www.amazon.com//gp/slredirect/picassoRedirect.html/ref=pa_sp_atf_aps_sr_pg1_1?ie=UTF8&adId=A0672887146R7MEIE6NQ8&url=%2FNew_Lenovo-IdeaPad-Touchscreen-i5-10210U-Bluetooth%2Fdp%2FB08T6F8MC6%2Fref%3Dsr_1_1_sspa%3Fdchild%3D1%26keywords%3Dlenovo%2Blaptop%26qid%3D1619548300%26sr%3D8-1-spons%26psc%3D1%26smid%3DA2GY4BFUD7Z7CM&qualifier=1619548300&id=2236518815796834&widgetName=sp_atf,5,SHOXLAB,Windows 10,12 GB
"New_Dell Inspiron 15 3000 15.6"" FHD Laptop, AMD Ryzen 5 3450U Processor, 8GB RAM, 512GB SSD, Radeon Vega 8 Graphics, HDMI, SD Card Reader, WiFi, Bluetooth, Camera, Win 10, 1-W Shoxlab Tech Support…",559,https://www.amazon.com//gp/slredirect/picassoRedirect.html/ref=pa_sp_mtf_aps_sr_pg1_1?ie=UTF8&adId=A02038821Q3O4PNU374JR&url=%2FNew_Dell-Inspiron-Processor-Graphics-Bluetooth%2Fdp%2FB08Z1ZG2TB%2Fref%3Dsr_1_17_sspa%3Fdchild%3D1%26keywords%3DDell%2BLaptop%26qid%3D1619548015%26sr%3D8-17-spons%26psc%3D1%26smid%3DA2GY4BFUD7Z7CM&qualifier=1619548015&id=4606835033019891&widgetName=sp_mtf,4.4,SHOXLAB,Windows 10 Home,8 GB
"15.6 inch Laptop, IPS Display, Intel 64-bit Quad-core celeron_j4115 Processor, 8GB RAM, 256GB SSD, scalable 1TB SSD Solid State Drive, 10000mAh high Battery Life, Windows 10 Pro",399,https://www.amazon.com//gp/slredirect/picassoRedirect.html/ref=pa_sp_atf_next_aps_sr_pg2_1?ie=UTF8&adId=A081781714HDEGK7VWF63&url=%2FQuad-core-celeron_j4115-Processor-scalable-10000mAh%2Fdp%2FB08P77J9PD%2Fref%3Dsr_1_18_sspa%3Fdchild%3D1%26keywords%3DAsus%2BLaptop%26qid%3D1619547562%26sr%3D8-18-spons%26psc%3D1&qualifier=1619547562&id=3801075059395980&widgetName=sp_atf_next,3.7,YITAOERA,Windows 10,8 GB
