Product Name,Product Price,Product URL,Ratings,Brand,Memory Storage Capacity,Color
Fire HD 8 Smart Home Bundle including Fire HD 8 Tablet 32 GB Ad-Supported (White) with Blink Mini Camera,117.98,https://www.amazon.com//Bundle-including-Tablet-Ad-Supported-Camera/dp/B08XV5V728/ref=sr_1_2?dchild=1&keywords=Amazon+Tablet&qid=1619352203&sr=8-2,,Amazon,32 GB,
Fire HD 8 Smart Home Bundle including Fire HD 8 Tablet 64 GB Ad-Supported (Plum) with Blink Mini Camera,147.98,https://www.amazon.com//Bundle-including-Tablet-Ad-Supported-Camera/dp/B08XVN2NTB/ref=sr_1_3?dchild=1&keywords=Amazon+Tablet&qid=1619352203&sr=8-3,,Amazon,64 GB,
Fire HD 8 Smart Home Bundle including Fire HD 8 Tablet 32 GB Without Ads (Black) with Blink Mini Camera,132.98,https://www.amazon.com//Bundle-including-Tablet-Without-Camera/dp/B08XV3YGFL/ref=sr_1_4?dchild=1&keywords=Amazon+Tablet&qid=1619352203&sr=8-4,,Amazon,32 GB,
"Fire HD 8 Plus tablet, HD display, 32 GB, our best 8"" tablet for portable entertainment, Slate, Without Ads + Made for Amazon, Wireless Charging Dock",154.99,https://www.amazon.com//Fire-HD-8-Plus-tablet-and-Wireless-Charging-Dock/dp/B087F335JK/ref=sr_1_6?dchild=1&keywords=Amazon+Tablet&qid=1619352203&sr=8-6,,Amazon,32 GB,
"Fire HD 10 Tablet (64 GB, Twilight Blue, With Special Offers) + Amazon Standing Case (Twilight Blue) + 15W USB-C Charger",237.97,https://www.amazon.com//Twilight-Special-Amazon-Standing-Charger/dp/B081N8NYZQ/ref=sr_1_7?dchild=1&keywords=Amazon+Tablet&qid=1619352203&sr=8-7,,Amazon,64 GB,
"Fire 7 Kids Tablet 32GB Blue with Made for Amazon Kids Tablet Backpack, Blue",124.98,https://www.amazon.com//Fire-Kids-Tablet-Amazon-Backpack/dp/B08L96T873/ref=sr_1_8?dchild=1&keywords=Amazon+Tablet&qid=1619352203&sr=8-8,,Amazon,32 GB,
"Fire 7 Tablet (7"" display, 32 GB) - Sage + Amazon Standing Case (Sage)",94.98,https://www.amazon.com//Fire-Tablet-display-32-GB/dp/B07Q974167/ref=sr_1_9?dchild=1&keywords=Amazon+Tablet&qid=1619352203&sr=8-9,,Amazon,32 GB,
"Fire HD 10 Tablet (64 GB, Plum, Ad-Supported) + Amazon Standing Case (Plum) + Nupro Screen Protector (2-pack) + 15W USB-C Charger",249.96,https://www.amazon.com//Special-Amazon-Standing-Protector-Charger/dp/B07Y75X6WQ/ref=sr_1_11?dchild=1&keywords=Amazon+Tablet&qid=1619352203&sr=8-11,,Amazon,64 GB,
"Fire HD 8 Kids Edition tablet 2-pack, 8"" HD display, 32 GB, Blue/Purple Kid-Proof Case",279.98,https://www.amazon.com//Fire-HD-8-Kids-Edition-tablet/dp/B087DY7MLX/ref=sr_1_13?dchild=1&keywords=Amazon+Tablet&qid=1619352203&sr=8-13,,Amazon,32 GB,
"Fire HD 10 Tablet (32 GB, Twilight Blue, With Special Offers) + Amazon Standing Case (Twilight Blue) + 15W USB-C Charger",197.97,https://www.amazon.com//Twilight-Special-Amazon-Standing-Charger/dp/B081N91PL4/ref=sr_1_16?dchild=1&keywords=Amazon+Tablet&qid=1619352203&sr=8-16,,Amazon,32 GB,
"Fire HD 8 Essentials Bundle including Fire HD 8 Tablet (Plum, 32GB) Ad-Supported, Amazon Standing Case (Plum), and Nupro Clear Screen Protector",132.97,https://www.amazon.com//Essentials-including-Ad-Supported-Amazon-Protector/dp/B08NW18VHB/ref=sr_1_17?dchild=1&keywords=Amazon+Tablet&qid=1619352203&sr=8-17,,Amazon,32 GB,
"Fire 7 Kids Tablet 32GB Pink with Made for Amazon Kids Tablet Backpack, Pink",124.98,https://www.amazon.com//Fire-Kids-Tablet-Amazon-Backpack/dp/B08L96PC2Q/ref=sr_1_18?dchild=1&keywords=Amazon+Tablet&qid=1619352203&sr=8-18,,Amazon,32 GB,
"Fire HD 10 Kids Edition Tablet 2-Pack, 10"" HD Display, 32 GB, Kid-Proof Case - Blue/Purple",399.98,https://www.amazon.com//Fire-Tablet-2-Pack-Display-Kid-Proof/dp/B07Y117SL9/ref=sr_1_19?dchild=1&keywords=Amazon+Tablet&qid=1619352203&sr=8-19,,Amazon,32 GB,
"Fire HD 8 Plus tablet, HD display, 32 GB, our best 8"" tablet for portable entertainment, Slate + Made for Amazon, Wireless Charging Dock",139.99,https://www.amazon.com//gp/slredirect/picassoRedirect.html/ref=pa_sp_btf_aps_sr_pg1_1?ie=UTF8&adId=A05480933270MWFCPU823&url=%2FFire-HD-8-Plus-tablet-and-Wireless-Charging-Dock%2Fdp%2FB087F2C185%2Fref%3Dsr_1_20_sspa%3Fdchild%3D1%26keywords%3DAmazon%2BTablet%26qid%3D1619352203%26sr%3D8-20-spons%26psc%3D1&qualifier=1619352203&id=5338681177652492&widgetName=sp_btf,,Amazon,32 GB,
"Fire HD 10 Tablet (64 GB, White, With Special Offers) + Amazon Standing Case (Sandstone White) + 15W USB-C Charger",237.97,https://www.amazon.com//Special-Amazon-Standing-Sandstone-Charger/dp/B081N87HHF/ref=sr_1_19?dchild=1&keywords=Amazon+Tablet&qid=1619352395&sr=8-19,,Amazon,64 GB,
"Fire HD 10 Tablet (64 GB, Plum, With Special Offers) + Amazon Standing Case (Plum) + 15W USB-C Charger",249.97,https://www.amazon.com//Tablet-Special-Amazon-Standing-Charger/dp/B081N87HHB/ref=sr_1_20?dchild=1&keywords=Amazon+Tablet&qid=1619352395&sr=8-20,,Amazon,64 GB,
Fire HD 8 Smart Home Bundle including Fire HD 8 Tablet 64 GB Without Ads (Black) with Blink Mini Camera,162.98,https://www.amazon.com//Bundle-including-Tablet-Without-Camera/dp/B08XV5VRCR/ref=sr_1_22?dchild=1&keywords=Amazon+Tablet&qid=1619352395&sr=8-22,,Amazon,64 GB,
"Fire HD 8 Essentials Bundle including Fire HD 8 Tablet (Twilight Blue, 32GB) Ad-Supported, Amazon Standing Case (Twilight Blue), and Nupro Clear Screen Protector",132.97,https://www.amazon.com//Essentials-including-Ad-Supported-Amazon-Protector/dp/B08NVYXPVS/ref=sr_1_23?dchild=1&keywords=Amazon+Tablet&qid=1619352395&sr=8-23,,Amazon,32 GB,
"Fire HD 8 Kids Edition tablet 2-pack, 8"" HD display, 32 GB, Blue/Pink Kid-Proof Case",279.98,https://www.amazon.com//Fire-HD-8-Kids-Edition-tablet/dp/B087FCRL6C/ref=sr_1_24?dchild=1&keywords=Amazon+Tablet&qid=1619352395&sr=8-24,,Amazon,32 GB,
"Fire 7 Tablet (7"" display, 32 GB) - Blue + Amazon Standing Case (Twilight Blue)",94.98,https://www.amazon.com//Fire-Tablet-display-32-GB/dp/B07Q96918J/ref=sr_1_26?dchild=1&keywords=Amazon+Tablet&qid=1619352395&sr=8-26,,Amazon,32 GB,
Fire HD 8 Smart Home Bundle including Fire HD 8 Tablet 64 GB Ad-Supported (Twilight Blue) with Blink Mini Camera,147.98,https://www.amazon.com//Bundle-including-Tablet-Ad-Supported-Twilight/dp/B08XV7G418/ref=sr_1_29?dchild=1&keywords=Amazon+Tablet&qid=1619352395&sr=8-29,,Amazon,64 GB,
"Fire 7 Family Pack - Fire 7 Tablet (16GB, Black) + Fire 7 Kids Edition Tablet (16GB, Blue)",149.98,https://www.amazon.com//Fire-Family-Pack-Tablet-Black/dp/B07V9JJHS3/ref=sr_1_30?dchild=1&keywords=Amazon+Tablet&qid=1619352395&sr=8-30,,Amazon,16 GB,
Fire HD 8 Smart Home Bundle including Fire HD 8 Tablet 32 GB Ad-Supported (Plum) with Blink Mini Camera,117.98,https://www.amazon.com//Bundle-including-Tablet-Ad-Supported-Camera/dp/B08XV5SH3Q/ref=sr_1_34?dchild=1&keywords=Amazon+Tablet&qid=1619352395&sr=8-34,,Amazon,32 GB,
Fire HD 8 Smart Home Bundle including Fire HD 8 Tablet 32 GB Ad-Supported (Black) with Blink Mini Camera,117.98,https://www.amazon.com//Bundle-including-Tablet-Ad-Supported-Camera/dp/B08XV3ZLVL/ref=sr_1_35?dchild=1&keywords=Amazon+Tablet&qid=1619352395&sr=8-35,,Amazon,32 GB,
"Android Tablet 10 Inch, 1080p Full HD Display, 1920x1200 IPS Touchscreen, Octa-Core Processor, 4GB RAM, 64GB Storage, 128GB Expand, 5G/2.4G WiFi, 8MP+2MP Camera, GPS, Bluetooth 5.0, FM, Metal Body",148.88,https://www.amazon.com//1920x1200-Touchscreen-Octa-Core-Processor-Bluetooth/dp/B08RBL142P/ref=sr_1_36?dchild=1&keywords=Samsung+Tablet&qid=1619352038&sr=8-36,4.5,BinBin,64 GB,Black
"Dragon Touch Notepad K10 Tablet, 10 inch Android Tablet, 2GB RAM 32GB Storage, Quad-Core Processor, 10.1 IPS HD Display, Micro HDMI, Android 9.0 Pie, 5G WiFi, Metal Body Black",129.99,https://www.amazon.com//Dragon-Touch-Storage-Quad-Core-Processor/dp/B07WLNZB78/ref=sr_1_32?dchild=1&keywords=Apple+Tablet&qid=1619352910&sr=8-32,4.4,Dragon Touch,32 GB,
"Tablet 10 inch Android Tablet, Quad-Core Processor 32GB Storage, Dual Sim Card, WiFi, Bluetooth, GPS, 128GB Expand Support, IPS Full HD Display (Black)",109.99,https://www.amazon.com//Android-Quad-Core-Processor-Storage-Bluetooth/dp/B08YJG2R47/ref=sr_1_33?dchild=1&keywords=Samsung+Tablet&qid=1619352038&sr=8-33,4.6,FEONAL,32 GB,
"Android Tablet 10 Inch, 5G WiFi Tablet with Dual Camera, 16GB Storage, Android 8.1 Tablets PC, Quad-Core Processor, Google Certified, 1280x800 IPS HD Display, Bluetooth, GPS, FM - Black",99.09,https://www.amazon.com//gp/slredirect/picassoRedirect.html/ref=pa_sp_btf_aps_sr_pg1_1?ie=UTF8&adId=A0670711XT6NG5Z0I66F&url=%2FCertified-1280x800-Quad-Core-Processor-Bluetooth%2Fdp%2FB07XYRW43B%2Fref%3Dsr_1_22_sspa%3Fdchild%3D1%26keywords%3DAmazon%2BTablet%26qid%3D1619352203%26sr%3D8-22-spons%26psc%3D1&qualifier=1619352203&id=5338681177652492&widgetName=sp_btf,4,FLYINGTECH,16 GB,Black
"iProda Android Tablet, 10.1 Inch HD IPS Display, Android 9.0, 3GB RAM & 64GB ROM, Google GMS Verified, WiFi, Bluetooth, GPS, Super Slim Design with Metal Shell & Tablet Case, Best for Online Courses",119.99,https://www.amazon.com//gp/slredirect/picassoRedirect.html/ref=pa_sp_btf_aps_sr_pg2_1?ie=UTF8&adId=A0956745GSXLPGR5STZA&url=%2FiProda-Android-Verified-Bluetooth-Courses%2Fdp%2FB087D37S5M%2Fref%3Dsr_1_35_sspa%3Fdchild%3D1%26keywords%3DApple%2BTablet%26qid%3D1619352910%26sr%3D8-35-spons%26psc%3D1&qualifier=1619352910&id=2445390009833387&widgetName=sp_btf,3.9,IProda,32 GB,
"2021 Lenovo Chromebook Flex 3 2-in-1 11.6"" HD Touchscreen Laptop, MediaTek MT8173C Quad-Core Processor, 4GB RAM, 32GB eMMC, HDMI, Webcam, Wi-Fi, Bluetooth, Chrome OS, Platinum Gray, W/ IFT Accessories",279,https://www.amazon.com//Lenovo-Chromebook-Touchscreen-Quad-Core-Accessories/dp/B08QRN5TLN/ref=sr_1_21?dchild=1&keywords=lenovo+tablet&qid=1619352617&sr=8-21,4.8,Lenovo,32 GB,
"Lenovo Tab M8 Tablet, 8"" HD Android Tablet, Quad-Core Processor, 2GHz, 32GB Storage, Full Metal Cover, Long Battery Life, Android 9 Pie, ZA5G0060US, Slate Black",99.99,https://www.amazon.com//Lenovo-Android-Quad-Core-Proocessor-ZA5G0060US/dp/B07Y2KBBTD/ref=sr_1_4?dchild=1&keywords=lenovo+tablet&qid=1619352518&sr=8-4,4.6,Lenovo,32 GB,
"2020 Lenovo Yoga C740 2-in-1 14"" Full HD 1080p Touchscreen Laptop PC, Intel Core i5-10210U Quad Core Processor, 8GB DDR4 RAM, 256GB SSD, Backlit Keyboard, Webcam, WiFi, Bluetooth, Windows 10, Mica",645,https://www.amazon.com//Lenovo-Touchscreen-i5-10210U-Processor-Bluetooth/dp/B08LGP41CW/ref=sr_1_33?dchild=1&keywords=lenovo+tablet&qid=1619352617&sr=8-33,4.6,Lenovo,256 GB,
"Lenovo Tab M10 Plus, 10.3"" FHD Android Tablet, Octa-Core Processor, 32GB Storage, 2GB RAM, Iron Grey, ZA5T0263US",149,https://www.amazon.com//Lenovo-Android-Octa-Core-Processor-ZA5T0263US/dp/B083JVJQH4/ref=sr_1_3?dchild=1&keywords=lenovo+tablet&qid=1619352518&sr=8-3,4.5,Lenovo,32 GB,
"Lenovo Yoga Smart Tab, 10.1"" FHD Android Tablet, Octa-Core Processor, 64GB Storage, 4GB RAM, Iron Grey, ZA3V0005US",268,https://www.amazon.com//Lenovo-Android-Octa-Core-Processor-ZA3V0005US/dp/B0881HDRTH/ref=sr_1_8?dchild=1&keywords=lenovo+tablet&qid=1619352518&sr=8-8,4.5,Lenovo,64 GB,Grey
"Lenovo Chromebook Duet 2-in-1 10.1 WUXGA (1920 x 1200) Display, MediaTek Helio P60T, 4GB LPDDR4X RAM, 64GB SSD, Integrated ARM G72 MP3 Graphics, Chrome OS, ZA6F0031US, Ice Blue+Iron Grey (Renewed)",201.9,https://www.amazon.com//Lenovo-Chromebook-MediaTek-Integrated-ZA6F0031US/dp/B08FKFG1R5/ref=sr_1_22?dchild=1&keywords=lenovo+tablet&qid=1619352617&sr=8-22,4.5,Lenovo,64 GB,
"Lenovo Tab M10 HD 10.1"" Tablet, Android 9.0, 16GB Storage, Quad-Core Processor, WiFi, Bluetooth, ZA4G0000US, Slate Black",169.99,https://www.amazon.com//Lenovo-10-1-Android-Tablet-16GB/dp/B07V3F7SNR/ref=sr_1_6?dchild=1&keywords=lenovo+tablet&qid=1619352518&sr=8-6,4.4,Lenovo,16 GB,
"Lenovo Flex 5 14"" 2-in-1 Laptop, 14.0"" FHD (1920 x 1080) Touch Display, AMD Ryzen 5 4500U Processor, 16GB DDR4, 256GB SSD, AMD Radeon Graphics, Digital Pen Included, Win 10, 81X20005US, Graphite Grey",582.12,https://www.amazon.com//Lenovo-Processor-Graphics-Included-81X20005US/dp/B086226DDB/ref=sr_1_19?dchild=1&keywords=lenovo+tablet&qid=1619352518&sr=8-19,4.4,Lenovo,256 GB,
"Lenovo ThinkPad X1 Yoga 4th Gen 20QF000KUS 14"" Touchscreen 2 in 1 Ultrabook - 2560 X 1440 - Core i7 i7-8665U - 16 GB RAM - 512 GB SSD - Gray - Windows 10 Pro 64-bit - Intel UHD Graphics 620 - in-",1659.99,https://www.amazon.com//Lenovo-ThinkPad-20QF000KUS-Touchscreen-Ultrabook/dp/B07V24DB8L/ref=sr_1_39?dchild=1&keywords=lenovo+tablet&qid=1619352754&sr=8-39,4.4,Lenovo,512 GB,
"Lenovo Chromebook S330 14in Laptop Computer, Mediatek MT8173C up to 1.7 Ghz, 4GB RAM, 32GB eMMC SSD, Bluetooth, HDMI, USB-C, SD Card Reader, Chrome OS, Black (Renewed)",199.9,https://www.amazon.com//Lenovo-Chromebook-Computer-Mediatek-Bluetooth/dp/B07Q36QYGW/ref=sr_1_34?dchild=1&keywords=lenovo+tablet&qid=1619352617&sr=8-34,4.2,Lenovo,32 GB,
"Lenovo Yoga 730 2-in-1 13.3"" FHD IPS Touchscreen Business Laptop/Tabelt, Intel Quad-Core i5-8250U 8GB DDR4 256GB PCIe SSD Thunderbolt Fingerprint Reader Windows Ink Backlit Keyboard Win 10",755,https://www.amazon.com//Lenovo-Yoga-730-Touchscreen-Thunderbolt/dp/B07JHLB3ZD/ref=sr_1_35?dchild=1&keywords=lenovo+tablet&qid=1619352617&sr=8-35,4.2,Lenovo,256 GB,
"Lenovo Smart Tab M10 Plus, FHD 10.3"" Android Tablet, Alexa-Enabled Smart Device, Octa-Core Processor, 32GB Storage, 2GB RAM, Wi-Fi, Bluetooth, ZA6M0030US, Platinum Grey",167.99,https://www.amazon.com//Lenovo-Alexa-Enabled-Octa-Core-Processor-ZA6M0030US/dp/B087KPPYKS/ref=sr_1_5?dchild=1&keywords=lenovo+tablet&qid=1619352518&sr=8-5,4.1,Lenovo,32 GB,
"Lenovo N21, 11.6 inches, HD, 16GB, SD Chromebook Intel Celeron N2840, 4GB - Black (Renewed)",113.99,https://www.amazon.com//Lenovo-Chromebook-Bluetooth-Certified-Refurbished/dp/B079R7574J/ref=sr_1_20?dchild=1&keywords=lenovo+tablet&qid=1619352617&sr=8-20,4.1,Lenovo,16 GB,
"2019 New Lenovo 300e Flagship 2-in-1 Laptop/Tablet for Business or Education, 11.6"" HD IPS Touchscreen, Intel Celeron Quad-Core N3450 up to 2.2GHz, 4GB DDR4, 64GB eMMC SSD, WiFi, Webcam, Win 10 S/Pro",415,https://www.amazon.com//Lenovo-Flagship-Education-Touchscreen-Quad-Core/dp/B07Q478DHY/ref=sr_1_30?dchild=1&keywords=lenovo+tablet&qid=1619352617&sr=8-30,4.1,Lenovo,64 GB,
"Lenovo Yoga Book - FHD 10.1"" Android Tablet - 2 in 1 Tablet (Intel Atom x5-Z8550 Processor, 4GB RAM, 64GB SSD), Gunmetal, ZA0V0035US",479.29,https://www.amazon.com//Lenovo-Yoga-Book-Processor-ZA0V0035US/dp/B01MQSLK2Z/ref=sr_1_9?dchild=1&keywords=lenovo+tablet&qid=1619352518&sr=8-9,3.9,Lenovo,64 GB,
"Lenovo Yoga C940 2-in-1 14"" Ultra-Light Touch-Screen Laptop, FHD, Intel Core i7- 1065G7, 12GB RAM 512GB PCIe SSD, Fingerprint Reader, Backlit Keyboard, HD Webcam, Thunderbolt 3, Iron Gray, Windows 10",1028,https://www.amazon.com//Lenovo-Ultra-Light-Touch-Screen-Fingerprint-Thunderbolt/dp/B08C4WW11S/ref=sr_1_36?dchild=1&keywords=lenovo+tablet&qid=1619352754&sr=8-36,3.9,Lenovo,512 GB,
"Lenovo IdeaPad Flex 5 2-in-1 Laptop, 14"" Full HD IPS Touch Screen, AMD Ryzen 7 4700U, Webcam, Backlit Keyboard, Fingerprint Reader, USB-C, HDMI, Windows 10 Home, 16GB RAM, 512GB PCIe SSD",729,https://www.amazon.com//Lenovo-IdeaPad-Flex-Keyboard-Fingerprint/dp/B08SMFZSLQ/ref=sr_1_24?dchild=1&keywords=lenovo+tablet&qid=1619352617&sr=8-24,3,Lenovo,512 GB,
"2021 Lenovo Yoga 9i 2-in-1 Laptop, 11th Gen Intel Core i7-1185G7, Intel Iris Xe Graphics, 14” FHD IPS Touchscreen, 16 GB DDR4, 1TB SSD, Active Stylus Pen, Thunderblot 4, Win 10 - Mica",1499.98,https://www.amazon.com//Lenovo-i7-1185G7-Graphics-Touchscreen-Thunderblot/dp/B08VYLX37X/ref=sr_1_40?dchild=1&keywords=lenovo+tablet&qid=1619352754&sr=8-40,3,Lenovo,1 TB,
"Kids Tablet,7 inch Android 9.0 Kids Edition Tablet with WiFi,GMS Certified, 2GB+16GB Tablet for Kids,Children Tablet with Parental Control, 40+APP Pre-Installed and Kids-Proof Case",69.99,https://www.amazon.com//gp/slredirect/picassoRedirect.html/ref=pa_sp_atf_next_aps_sr_pg2_1?ie=UTF8&adId=A03056573DQZCGHQTIBQZ&url=%2FCertified-Children-Parental-Pre-Installed-Kids-Proof%2Fdp%2FB08SBGB1HN%2Fref%3Dsr_1_17_sspa%3Fdchild%3D1%26keywords%3DAmazon%2BTablet%26qid%3D1619352395%26sr%3D8-17-spons%26psc%3D1&qualifier=1619352395&id=8322061911944305&widgetName=sp_atf_next,4.8,LONGOU,16 GB,Rose
"Tablet 10 Inch, Android 10, 4G LTE, 64GB Ram, 4GB ROM, Octa Core, HD, WiFi, GPS, GSM, Dual Sim Card, Cheap, 1080P IPS (Black)",146,https://www.amazon.com//Android-Tablet-Tablets-Cheap-1080P/dp/B07SLPSCLN/ref=sr_1_21?dchild=1&keywords=Apple+Tablet&qid=1619352910&sr=8-21,3.6,MaiTai,64 GB,Black
"MARVUE Pad M10 Tablet 10.1 Inch Android 10.0 Tablets 2GB RAM 32GB ROM Storage, 2MP+8MP Dual Camera, 2.4GHz WiFi, 1.6GHZ Quad Core Processor,10.1"" IPS HD Android Tablet, Metal Body(Black)",109.99,https://www.amazon.com//MARVUE-Pad-M10-Android-Processor/dp/B08TLSB3WS/ref=sr_1_25?dchild=1&keywords=Apple+Tablet&qid=1619352910&sr=8-25,4.8,MARVUE,16 GB,Pad M10
"Android 10.0 Tablet : MEBERRY 10 inch Tablets with 4GB RAM+64GB ROM| 128GB Expansion| Octa-Core Processor| Google Certified| 8000mAh Battery| WiFi| GPS| Double Camera, Grey",139.99,https://www.amazon.com//gp/slredirect/picassoRedirect.html/ref=pa_sp_btf_aps_sr_pg2_1?ie=UTF8&adId=A0533451334GAH9MFMSJ6&url=%2FAndroid-10-0-Tablet-Expansion-Octa-Core%2Fdp%2FB08DKKMDZJ%2Fref%3Dsr_1_37_sspa%3Fdchild%3D1%26keywords%3Dlenovo%2Btablet%26qid%3D1619352617%26sr%3D8-37-spons%26psc%3D1&qualifier=1619352617&id=7584646372133815&widgetName=sp_btf,4.5,MEBERRY,64 GB,
"Tablet 10.1 Inch, Android 10 Octa-Core 5G WiFi 1920x1200 HD ThouchScreen Tablets with 13MP Rear Camera, 6000mAh Battery, 32GB ROM 128GB Expand Storage, Bluetooth/GPS/FM/OTG",135.99,https://www.amazon.com//gp/slredirect/picassoRedirect.html/ref=pa_sp_mtf_aps_sr_pg1_1?ie=UTF8&adId=A056495120OKIE85E2I78&url=%2FAndroid-Octa-Core-1920x1200-ThouchScreen-Bluetooth%2Fdp%2FB08R8DFY78%2Fref%3Dsr_1_17_sspa%3Fdchild%3D1%26keywords%3Dlenovo%2Btablet%26qid%3D1619352518%26sr%3D8-17-spons%26psc%3D1&qualifier=1619352518&id=2069395047528209&widgetName=sp_mtf,4,MEIZE,32 GB,Black
"Onionnest Android Tablet, 4GB RAM 64GB Storage, Quad-Core Processor, 10.1 IPS HD Display, Micro HDMI, Android 9.0 Pie, 5G WiFi, Dual SIM Dual Camera Network Call Phone Metal Body Black",149.99,https://www.amazon.com//gp/slredirect/picassoRedirect.html/ref=pa_sp_mtf_aps_sr_pg2_1?ie=UTF8&adId=A09582511LJX6GCAYK9FG&url=%2FOnionnest-Android-Storage-Quad-Core-Processor%2Fdp%2FB08P5881GX%2Fref%3Dsr_1_28_sspa%3Fdchild%3D1%26keywords%3DSamsung%2BTablet%26qid%3D1619352038%26sr%3D8-28-spons%26psc%3D1&qualifier=1619352038&id=5176800753563444&widgetName=sp_mtf,2.5,Onionnest,64 GB,
"Android Tablet 10 inch, PRITOM M10, 2 GB RAM, 32 GB Android 9.0 Tablet, 10.1 inch IPS HD Display, GPS, FM, Quad-Core Processor, Wi-Fi (M10 Black)",99.95,https://www.amazon.com//Android-Tablet-Display-Quad-Core-Processor/dp/B087BC4DJH/ref=sr_1_31?dchild=1&keywords=Samsung+Tablet&qid=1619352038&sr=8-31,4.2,PRITOM,32 GB,
"Android Tablet Pritom 8 inch Android 9.0 Pie Tablet, 2GB RAM, 32GB ROM, Quad Core Processor, HD IPS Screen, 2.0 Front + 8.0 MP Rear Camera, Wi-Fi, Bluetooth, Tablet PC(Black)",79.99,https://www.amazon.com//Android-Tablet-Pritom-Processor-Bluetooth/dp/B08CS9HG6M/ref=sr_1_35?dchild=1&keywords=Samsung+Tablet&qid=1619352038&sr=8-35,4.2,PRITOM,32 GB,Black
"Pritom TronPad L10 Tablet - 10'' Android 10.0 Tablet, Octa-Core Processor, HD IPS Display, 6000mAh Battery, 3G RAM, 32G Storage, 5G&2.4G WiFi, GPS, Dual Camera & Double Speakers, USB Type C, Silver",119.99,https://www.amazon.com//gp/slredirect/picassoRedirect.html/ref=pa_sp_mtf_aps_sr_pg2_1?ie=UTF8&adId=A09942618M7C4I0KYMDX&url=%2FPritom-Android-Octa-Core-Bluetooth-Speakers%2Fdp%2FB087P2R369%2Fref%3Dsr_1_27_sspa%3Fdchild%3D1%26keywords%3Dlenovo%2Btablet%26qid%3D1619352617%26sr%3D8-27-spons%26psc%3D1&qualifier=1619352617&id=7584646372133815&widgetName=sp_mtf,4.2,PRITOM,32 GB,
"Android Tablet Pritom 10 inch Android 9.0 OS Tablet, 2GB RAM, 32GB ROM, Quad Core Processor, HD IPS Screen, 2.0 Front + 8.0 MP Rear Camera, WiFi, Bluetooth - Tablet PC(Black)",99.99,https://www.amazon.com//gp/slredirect/picassoRedirect.html/ref=pa_sp_btf_aps_sr_pg1_1?ie=UTF8&adId=A05826311TAIQ7DZEBCY2&url=%2FAndroid-Tablet-Pritom-Processor-Bluetooth%2Fdp%2FB07WV9SSYQ%2Fref%3Dsr_1_18_sspa%3Fdchild%3D1%26keywords%3DApple%2BTablet%26qid%3D1619352813%26sr%3D8-18-spons%26psc%3D1&qualifier=1619352813&id=7099372145678567&widgetName=sp_btf,4.2,PRITOM,32 GB,Black
"PRITOM 10 inch Tablet, 3 GB RAM, 32GB ROM, Android 10.0, IPS HD Display, Octa-core Processor, GPS, FM, Type-C, WiFi 2.4&5G, Double Speakers-Android Tablet",110.95,https://www.amazon.com//gp/slredirect/picassoRedirect.html/ref=pa_sp_btf_aps_sr_pg2_1?ie=UTF8&adId=A02212753TVLLSED96Z47&url=%2FPRITOM-Octa-core-Processor-Bluetooth-Speakers%2Fdp%2FB088D8SJPF%2Fref%3Dsr_1_38_sspa%3Fdchild%3D1%26keywords%3Dlenovo%2Btablet%26qid%3D1619352617%26sr%3D8-38-spons%26psc%3D1&qualifier=1619352617&id=7584646372133815&widgetName=sp_btf,4.1,PRITOM,32 GB,
"Pritom 7 inch Tablet - Android 9.0 Tablet PC with 32 GB Storage, Quad Core Processor, HD IPS Display, Dual Cameras, WiFi, Bluetooth - Android Tablet,Red",67.99,https://www.amazon.com//gp/slredirect/picassoRedirect.html/ref=pa_sp_mtf_aps_sr_pg1_1?ie=UTF8&adId=A0268952H2NJQ31TMFQQ&url=%2FPritom-inch-Tablet-Processor-Bluetooth%2Fdp%2FB0828YSF1Y%2Fref%3Dsr_1_15_sspa%3Fdchild%3D1%26keywords%3DAmazon%2BTablet%26qid%3D1619352203%26sr%3D8-15-spons%26psc%3D1&qualifier=1619352203&id=5338681177652492&widgetName=sp_mtf,3.9,PRITOM,32 GB,Red
"Pritom 7 inch Kids Tablet, Quad Core Android 10, 16GB ROM, WiFi, Bluetooth, Dual Camera, Educationl, Games, Parental Control, Kids Software Pre-Installed with Kids-Tablet Case(DB",64.99,https://www.amazon.com//gp/slredirect/picassoRedirect.html/ref=pa_sp_atf_next_aps_sr_pg2_1?ie=UTF8&adId=A06313543MLDMZUCGOJ00&url=%2FBluetooth-Educationl-Parental-Pre-Installed-Kids-Tablet%2Fdp%2FB087P1XTPQ%2Fref%3Dsr_1_18_sspa%3Fdchild%3D1%26keywords%3DAmazon%2BTablet%26qid%3D1619352395%26sr%3D8-18-spons%26psc%3D1&qualifier=1619352395&id=8322061911944305&widgetName=sp_atf_next,3.7,PRITOM,16 GB,
"Android 10.0 Tablet 10 inch qunyiCO Y10 (10.1''), 2GB RAM 32GB Storage, 2MP+8MP Dual Camera, Quad-Core Processor, 1280x800 IPS HD Display Screen, Wi-Fi Bluetooth 5000mAh, Google GMS Certified Black",102.99,https://www.amazon.com//gp/slredirect/picassoRedirect.html/ref=pa_sp_mtf_aps_sr_pg1_1?ie=UTF8&adId=A05538643TM1098ENT4K7&url=%2FqunyiCO-Y10-Quad-Core-Processor-Bluetooth%2Fdp%2FB08CGSML8W%2Fref%3Dsr_1_17_sspa%3Fdchild%3D1%26keywords%3DSamsung%2BTablet%26qid%3D1619351839%26sr%3D8-17-spons%26psc%3D1&qualifier=1619351839&id=1671948461493996&widgetName=sp_mtf,4.1,QunyiCO,32 GB,
"Samsung Galaxy Tab S6 Lite 10.4"", 64GB WiFi Tablet - SM-P610 - S Pen Included (International Model) (Angora Blue)",315,https://www.amazon.com//Samsung-Galaxy-Lite-10-4-Tablet/dp/B08DFGWSNK/ref=sr_1_30?dchild=1&keywords=Samsung+Tablet&qid=1619352038&sr=8-30,4.9,SAMSUNG,64 GB,Angora Blue
"Samsung Galaxy Tab A7 10.4"" 64GB with Wi-Fi + 64GB microSD Memory Card (Gray)",254.79,https://www.amazon.com//Samsung-Galaxy-Wi-Fi-microSD-Memory/dp/B08NMW6V9Q/ref=sr_1_11?dchild=1&keywords=Samsung+Tablet&qid=1619351839&sr=8-11,4.7,SAMSUNG,64 GB,Dark Gray
2020 Samsung Galaxy Tab A7 10.4” Inch 32 GB Wi-Fi Android 10 Touchscreen International Tablet (Gray) Bundle – Slim Trifold Hard Shell Case and 32GB Micro SD Card,259.99,https://www.amazon.com//Samsung-Galaxy-Android-Touchscreen-International/dp/B08P65SFCV/ref=sr_1_20?dchild=1&keywords=Samsung+Tablet&qid=1619351839&sr=8-20,4.7,SAMSUNG,32 GB,
"SAMSUNG Galaxy Tab A (2019,Wi-Fi) SM-T510 32GB 10.1"" Wi-Fi only Tablet - International Version (Black)",224.49,https://www.amazon.com//Samsung-Galaxy-Wi-Fi-SM-T510-Tablet/dp/B07NR7NXQ6/ref=sr_1_19?dchild=1&keywords=Samsung+Tablet&qid=1619352038&sr=8-19,4.7,SAMSUNG,32 GB,
"Samsung Galaxy Tab A 8.0"" (2019, WiFi Only) 32GB, 5100mAh Battery, Dual Speaker, SM-T290, International Model (Black)",122.89,https://www.amazon.com//Samsung-5100mAh-Battery-SM-T290-International/dp/B07XJZ7VQD/ref=sr_1_4?dchild=1&keywords=Samsung+Tablet&qid=1619351839&sr=8-4,4.6,SAMSUNG,32 GB,
"Samsung Galaxy Tab A7 10.4"" 2020 (64GB, 3GB) Wi-Fi Only Android 10 One UI Tablet, Snapdragon 662, 7040mAh Battery, SM-T500 (64GB SD Bundle, Dark Gray)",259.99,https://www.amazon.com//Samsung-Galaxy-Tab-A7-Snapdragon/dp/B08P3Z1FJV/ref=sr_1_15?dchild=1&keywords=Samsung+Tablet&qid=1619351839&sr=8-15,4.6,SAMSUNG,64 GB,
"Samsung Galaxy Tab Active PRO 10.1"" | 64GB & WiFi Water-Resistant Rugged Tablet, Black – SM-T540NZKAXAR",469.09,https://www.amazon.com//Samsung-Galaxy-Active-Water-Resistant-Rugged/dp/B07YNJD8J3/ref=sr_1_16?dchild=1&keywords=Samsung+Tablet&qid=1619351839&sr=8-16,4.6,SAMSUNG,64 GB,
"Samsung Galaxy Tab A 8.0-inch Touchscreen (1280x800) Wi-Fi Tablet Bundle, Qualcomm Snapdragon 429 Processor, 2GB RAM, 32GB Memory, Bluetooth, 32GB MicroSD Card, Tigology Case, Android 9.0 Pie OS",159.99,https://www.amazon.com//Samsung-Galaxy-Tab-Touchscreen-Bundle/dp/B081ZHLYYX/ref=sr_1_24?dchild=1&keywords=Samsung+Tablet&qid=1619352038&sr=8-24,4.6,SAMSUNG,32 GB,
"Samsung Galaxy Tab A 10.1"" (2019, WiFi Only) Full HD Corner-to-Corner Display, (32GB, 2GB RAM), Tablet SM-T510, (International Model) (WiFi Only, Gold)",239.99,https://www.amazon.com//Samsung-Corner-Corner-Display-International/dp/B07YVNPLDY/ref=sr_1_29?dchild=1&keywords=Samsung+Tablet&qid=1619352038&sr=8-29,4.6,SAMSUNG,32 GB,
"Samsung Galaxy Tab A 10.1"" (2019, WiFi + Cellular) Full HD Corner-to-Corner Display, 32GB 4G LTE Tablet & Phone (Makes Calls) GSM Unlocked SM-T515, International Model (32 GB, Black)",235.96,https://www.amazon.com//Samsung-Cellular-Unlocked-SM-T515-International/dp/B07TV96YB6/ref=sr_1_14?dchild=1&keywords=Samsung+Tablet&qid=1619351839&sr=8-14,4.5,SAMSUNG,32 GB,
"Samsung - Galaxy Tab A - 8"" - 32GB - Silver with WiFi Portable Tablets, iPuzzle 32GB SD Card",159.99,https://www.amazon.com//Samsung-Galaxy-Portable-Tablets-iPuzzle/dp/B086JZD7RZ/ref=sr_1_21?dchild=1&keywords=Samsung+Tablet&qid=1619351839&sr=8-21,4.5,SAMSUNG,32 GB,
"Samsung Galaxy Tab A 8.0"" (2019, WiFi + Cellular) 32GB, 5100mAh Battery, 4G LTE Tablet & Phone (Makes Calls) GSM Unlocked SM-T295, International Model (32 GB, Silver)",146,https://www.amazon.com//Samsung-Cellular-Unlocked-SM-T295-International/dp/B07XF94PHV/ref=sr_1_18?dchild=1&keywords=Samsung+Tablet&qid=1619351839&sr=8-18,4.4,SAMSUNG,32 GB,Silver
"Samsung Galaxy Tab A7 10.4"" (32GB, 3GB, WiFi + Cellular) 4G LTE Tablet GSM Unlocked (Global, T-Mobile, AT&T, Metro) International Model SM-T505 (64GB SD Bundle, Silver)",254.99,https://www.amazon.com//Cellular-Unlocked-T-Mobile-International-SM-T505/dp/B08Y2TMLWR/ref=sr_1_20?dchild=1&keywords=Samsung+Tablet&qid=1619352038&sr=8-20,4.4,SAMSUNG,32 GB,Silver
"Samsung Galaxy Tab A7 10.4"" (2020, WiFi + Cellular) 32GB 4G LTE Tablet & Phone (Makes Calls) GSM Unlocked, International Model w/US Charging Cube - SM-T505 (WiFi + Cellular, Silver)",240,https://www.amazon.com//Samsung-Cellular-Unlocked-International-Charging/dp/B08N3BKFXV/ref=sr_1_19?dchild=1&keywords=Samsung+Tablet&qid=1619351839&sr=8-19,4.3,SAMSUNG,32 GB,Silver
"Samsung Galaxy Tab A7 WiFi 10.4 inch 7040 mAh 8MP 3GB Ram SM-T500 International Version Dual Camera (32GB, Gold)",219.99,https://www.amazon.com//Samsung-Galaxy-SM-T500-International-Version/dp/B08N2YLFDY/ref=sr_1_21?dchild=1&keywords=Samsung+Tablet&qid=1619352038&sr=8-21,4.3,SAMSUNG,32 GB,Gold
"Samsung Galaxy Tab 4 (7-Inch, Black) (Renewed)",89.95,https://www.amazon.com//Samsung-Galaxy-7-Inch-Certified-Refurbished/dp/B00SZ59XFA/ref=sr_1_26?dchild=1&keywords=Samsung+Tablet&qid=1619352038&sr=8-26,3.8,SAMSUNG,8 GB,Black
"Samsung Galaxy Tab A 8"" 32GB SM-T290 WiFi International Version - No Warranty (Silver)",128.98,https://www.amazon.com//Samsung-Galaxy-SM-T290-International-Version/dp/B082MH5W7M/ref=sr_1_23?dchild=1&keywords=Samsung+Tablet&qid=1619352038&sr=8-23,5,Samsung Electronics,32 GB,
"Samsung Galaxy Tab S6 Lite 10.4"", 128GB WiFi Tablet Angora Blue - SM-P610NZBEXAR - S Pen Included",388.73,https://www.amazon.com//Samsung-Galaxy-128GB-Tablet-Angora/dp/B086Z3J8ZC/ref=sr_1_6?dchild=1&keywords=Samsung+Tablet&qid=1619351839&sr=8-6,4.8,Samsung Electronics,128 GB,
"Samsung Galaxy Tab S6 Lite 10.4"", 64GB Wi-Fi Tablet Oxford Gray - SM-P610NZAAXAR - S Pen Included",316.74,https://www.amazon.com//gp/slredirect/picassoRedirect.html/ref=pa_sp_mtf_aps_sr_pg1_1?ie=UTF8&adId=A09403863RA5M3943O7RK&url=%2FSamsung-Galaxy-Lite-Tablet-Oxford%2Fdp%2FB086Z2XFYP%2Fref%3Dsr_1_12_sspa%3Fdchild%3D1%26keywords%3DSamsung%2BTablet%26qid%3D1619351839%26sr%3D8-12-spons%26psc%3D1&qualifier=1619351839&id=1671948461493996&widgetName=sp_mtf,4.8,Samsung Electronics,64 GB,
Samsung Galaxy Tab A7 10.4 Wi-Fi 32GB Silver (SM-T500NZSAXAR),229.99,https://www.amazon.com//gp/slredirect/picassoRedirect.html/ref=pa_sp_atf_aps_sr_pg1_1?ie=UTF8&adId=A077914818VL3NQPRBXMR&url=%2FSamsung-Galaxy-Wi-Fi-Silver-SM-T500NZSAXAR%2Fdp%2FB08GHVSGMQ%2Fref%3Dsr_1_2_sspa%3Fdchild%3D1%26keywords%3DSamsung%2BTablet%26qid%3D1619351839%26sr%3D8-2-spons%26psc%3D1&qualifier=1619351839&id=1671948461493996&widgetName=sp_atf,4.7,Samsung Electronics,32 GB,Silver
"SAMSUNG Galaxy Tab A- 10.1"" 64GB, Wifi Tablet- SM-T510NZKFXAR Black",277,https://www.amazon.com//Samsung-Galaxy-10-1-Tablet-Black/dp/B07Q3T1YJS/ref=sr_1_13?dchild=1&keywords=Samsung+Tablet&qid=1619351839&sr=8-13,4.7,Samsung Electronics,64 GB,
"Samsung Galaxy Tab S5e- 10.5"" 64GB, LTE Unlocked- SM-T727UZKAXAA, Black",413.4,https://www.amazon.com//Samsung-Electronics-Galaxy-Black-Unlocked/dp/B07XZSNQDS/ref=sr_1_25?dchild=1&keywords=Samsung+Tablet&qid=1619352038&sr=8-25,4.7,Samsung Electronics,64 GB,
"Samsung Galaxy Tab S6 Lite 10.4"", 128GB WiFi Tablet Oxford Gray - SM-P610NZAEXAR - S Pen Included",429.99,https://www.amazon.com//gp/slredirect/picassoRedirect.html/ref=pa_sp_btf_aps_sr_pg2_1?ie=UTF8&adId=A09399182YXJMU7JEGC8G&url=%2FSamsung-Galaxy-128GB-Tablet-Oxford%2Fdp%2FB086Z4CY5V%2Fref%3Dsr_1_37_sspa%3Fdchild%3D1%26keywords%3DSamsung%2BTablet%26qid%3D1619352038%26sr%3D8-37-spons%26psc%3D1&qualifier=1619352038&id=5176800753563444&widgetName=sp_btf,4.7,Samsung Electronics,128 GB,
"Samsung Galaxy Tab A 8.0”, Lightweight Android Tablet with Large Screen Feel, WiFi, Camera, Long-Lasting Battery, 64 GB, Black",199.99,https://www.amazon.com//Samsung-Lightweight-Android-Long-Lasting-Battery/dp/B08QQTQNDC/ref=sr_1_5?dchild=1&keywords=Samsung+Tablet&qid=1619351839&sr=8-5,4.6,Samsung Electronics,64 GB,
"Samsung Galaxy Tab A 8.4"", 32GB, Mocha (LTE Verizon & WIFI) - SM-T307UZNAVZW (2020) US Model & Warranty",279.99,https://www.amazon.com//Samsung-Galaxy-32GB-Mocha-Verizon/dp/B0863M1KM5/ref=sr_1_22?dchild=1&keywords=Samsung+Tablet&qid=1619352038&sr=8-22,4.5,Samsung Electronics,32 GB,
"Samsung Galaxy Tab A 8.0"" (2019, WiFi + Cellular) 32GB, 5100mAh Battery, 4G LTE Tablet & Phone (Makes Calls) GSM Unlocked SM-T295, International Model (32 GB, Black)",142.99,https://www.amazon.com//Samsung-Cellular-Unlocked-SM-T295-International/dp/B07XC3CW4G/ref=sr_1_9?dchild=1&keywords=Samsung+Tablet&qid=1619351839&sr=8-9,4.4,Samsung Electronics,32 GB,
"10"" Tablet with 2GB RAM 32GB Storage Android 9.0 Pie, 10.1 inch IPS HD Display, Android Tablet with Case/Stylus, Quad-Cord Processor, Wi-Fi, Bluetooth",135.95,https://www.amazon.com//gp/slredirect/picassoRedirect.html/ref=pa_sp_atf_next_aps_sr_pg2_1?ie=UTF8&adId=A0763772WFEZFXYB8U1F&url=%2FStorage-Android-Quad-Cord-Processor-Bluetooth%2Fdp%2FB08QJDNQ91%2Fref%3Dsr_1_18_sspa%3Fdchild%3D1%26keywords%3DSamsung%2BTablet%26qid%3D1619352038%26sr%3D8-18-spons%26psc%3D1&qualifier=1619352038&id=5176800753563444&widgetName=sp_atf_next,4.3,SZTPSLS,32 GB,Silver-2
"Tablet 10 inch, Android WiFi Tablets, 2+32GB Storage, 2+8 MP Dual Camera, 1280x800 IPS HD Display, Quad-Core Processor, Wi-Fi, Bluetooth, GPS, Google Certified Tablets PC - Black",109.99,https://www.amazon.com//gp/slredirect/picassoRedirect.html/ref=pa_sp_mtf_aps_sr_pg2_1?ie=UTF8&adId=A07922931PRQVQUC81JTC&url=%2F1280x800-Quad-Core-Processor-Bluetooth-Certified%2Fdp%2FB087N7TMQD%2Fref%3Dsr_1_27_sspa%3Fdchild%3D1%26keywords%3DAmazon%2BTablet%26qid%3D1619352395%26sr%3D8-27-spons%26psc%3D1&qualifier=1619352395&id=8322061911944305&widgetName=sp_mtf,4,Tabtrust,32 GB,
"VASTKING KingPad K10 Pro 10.1"" Octa-Core Tablet, 4GB RAM, 64GB Storage, Android 10, 1920x1200 Tablet with Keyboard and Stylus Pen, 60Hz Screen Rate, 13MP Rear Camera, 5G WiFi, GPS, Silver Grey",219.99,https://www.amazon.com//VASTKING-KingPad-Octa-Core-1920x1200-Keyboard/dp/B08T964KM7/ref=sr_1_32?dchild=1&keywords=Samsung+Tablet&qid=1619352038&sr=8-32,4.4,VASTKING,64 GB,
"Tablet 10 inch Android, 3G Unlocked Phablet, 2GB RAM 32GB Storage Dual Sim Cards, Google Certified, Quad Core Processor, IPS HD Screen, WiFi, Bluetooth, GPS - Black",99.99,https://www.amazon.com//gp/slredirect/picassoRedirect.html/ref=pa_sp_mtf_aps_sr_pg2_1?ie=UTF8&adId=A05902093HOHXC07KUW7T&url=%2FAndroid-Unlocked-Phablet-Certified-Bluetooth%2Fdp%2FB07QXYY525%2Fref%3Dsr_1_28_sspa%3Fdchild%3D1%26keywords%3DAmazon%2BTablet%26qid%3D1619352395%26sr%3D8-28-spons%26psc%3D1&qualifier=1619352395&id=8322061911944305&widgetName=sp_mtf,3.8,WECOOL,32 GB,
"Tablet 10 Inch Android 9.0 3G Phone Tablets with 32GB Storage Dual Sim Card 5MP Camera, WiFi, Bluetooth, GPS, Quad Core, HD Touchscreen, Support 3G Phone Call (Black)",112.99,https://www.amazon.com//Android-Tablets-Storage-Bluetooth-Touchscreen/dp/B083BGRNMZ/ref=sr_1_34?dchild=1&keywords=Samsung+Tablet&qid=1619352038&sr=8-34,3.8,ZONKO,32 GB,Black
