Product Name,Product Price,Product URL,Ratings,Brand,Color,Supported Application
"Smart Watch 2021，Smart Watch with Call,Health and Fitness Smartwatch with Sleep Tracker,App Message Reminder,Music Control,Waterproof Smart Watch for Android iOS Phone",109.99,https://www.amazon.com//gp/slredirect/picassoRedirect.html/ref=pa_sp_mtf_aps_sr_pg1_1?ie=UTF8&adId=A050468219GGBR4GMHUSE&url=%2F2021%25EF%25BC%258CSmart-Fitness-Smartwatch-Reminder-Waterproof%2Fdp%2FB08LGWDPGK%2Fref%3Dsr_1_12_sspa%3Fdchild%3D1%26keywords%3DGarmin%2Bsmart%2Bwatch%26qid%3D1619355436%26sr%3D8-12-spons%26psc%3D1&qualifier=1619355436&id=5587655352581647&widgetName=sp_mtf,3.6 out of 5 stars,A-TGTGA,Brown leather,"Fitness Tracker, Sleep Monitor, Phone, Calendar, Heart Rate Monitor"
"Smart Watch for Women, AGPTEK IP68 Waterproof Smartwatch for Android and iOS Phones Activity Tracker with Full Touch Color Screen Heart Rate Monitor Pedometer Sleep Monitor, Pink",39.09,https://www.amazon.com//AGPTEK-Waterproof-Smartwatch-Activity-Pedometer/dp/B08HMRY8NG/ref=sr_1_33?dchild=1&keywords=Samsung+smart+watch&qid=1619355298&sr=8-33,4.2 out of 5 stars,AGPTEK,Pink,"Fitness Tracker, Weather, Sleep Monitor, Find My Phone, Email, Messages, Phone, Alarm, Calendar, Pedometer, Heart Rate Monitor"
"Airbinifit Fitness Tracker, Fitness Tracker Watch, Activity Tracker with Heart Rate Monitor, Waterproof Fitness Watch with Sleep Monitor, Step Counter, Calorie Counter, Pedometer Watch for Women Men",26.99,https://www.amazon.com//Airbinifit-Fitness-Activity-Waterproof-Pedometer/dp/B08Z873QWQ/ref=sr_1_23?dchild=1&keywords=LETSCOM+smart+watch&qid=1619356058&sr=8-23,4.4 out of 5 stars,Airbinifit,Pink,
"AMATAGE Smart Watch for Android Phones iPhone for Men Women, Fitness Tracker Watch with Heart Rate Monitor , Waterproof Activity Tracker with Sleep Monitor(Black)",29.99,https://www.amazon.com//AMATAGE-Android-Fitness-Waterproof-Activity/dp/B083Q48WCW/ref=sr_1_30?dchild=1&keywords=LETSCOM+smart+watch&qid=1619356058&sr=8-30,3.9 out of 5 stars,AMATAGE,Black,"Fitness Tracker, Sleep Monitor, Email, Messages, Phone, Alarm, Calendar, Heart Rate Monitor"
Amazfit A1608B Bip Smartwatch (Black onyx),99.85,https://www.amazon.com//Amazfit-A1608B-Smartwatch-Black-onyx/dp/B076WRDKQM/ref=sr_1_21?dchild=1&keywords=AMAZFIT+smart+watch&qid=1619356324&sr=8-21,4.5,Amazfit,Black onyx,
"Amazfit GTR Smartwatch, 1.39'' AMOLDED Display 24/7 Heart Rate Monitor, 24 Day Batter Life, 12 Sports Modes(47mm, GPS, Bluetooth), Stainless Steel",111.99,https://www.amazon.com//Amazfit-Stainless-Smartwatch-Activity-Tracking/dp/B07VN4WPT9/ref=sr_1_9?dchild=1&keywords=AMAZFIT+smart+watch&qid=1619356188&sr=8-9,4.4,Amazfit,Stainless Steel,Heart Rate Monitor
"Amazfit GTR Smartwatch, Classic Design, 24/7 Heart Rate Monitor, Music Control, GPS, 10-Day Battery Life, 12-Sport Modes, Water Resistant, Starry Black (W1910US1N)",129.99,https://www.amazon.com//Amazfit-Smartwatch-All-Day-Activity-Tracking/dp/B07VKLM62F/ref=sr_1_13?dchild=1&keywords=AMAZFIT+smart+watch&qid=1619356188&sr=8-13,4.4,Amazfit,Starry Black,"Fitness Tracker, Email, Contacts, Alarm, Calendar"
"Amazfit Smart Scale Wi-Fi Bluetooth, Digital Body Fat BMI Scale, Tracks 16 Key Body Health Metrics, Full Body Composition Analysis, Heart Rate Monitor, Aurora",49.99,https://www.amazon.com//Amazfit-Bluetooth-Digital-Composition-Analysis/dp/B08HR72FPY/ref=sr_1_19?dchild=1&keywords=AMAZFIT+smart+watch&qid=1619356188&sr=8-19,4.4,Amazfit,Aurora,
"Amazfit Neo Fitness Retro Smartwatch with Real-Time Workout Tracking, Heart Rate and Sleep Monitoring, 28-Day Battery Life, Smart Notifications, 1.2"" Always-On Display, Water Resistant, Green",39.99,https://www.amazon.com//Amazfit-Smartwatch-Real-Time-Monitoring-Notifications/dp/B08HRB2W3L/ref=sr_1_20?dchild=1&keywords=AMAZFIT+smart+watch&qid=1619356188&sr=8-20,4.4,Amazfit,Green,
"Amazfit GTS 2 Mini Fitness Smart Watch Alexa Built-In, Super-Light Thin Design, SpO2 Level Measurement, 14-Days Battery Life, 70+ Sports Modes, Heart Rate, Sleep, Stress Level Monitoring, Black",99.99,https://www.amazon.com//gp/slredirect/picassoRedirect.html/ref=pa_sp_mtf_aps_sr_pg1_1?ie=UTF8&adId=A0360748BLRA6EYH87OS&url=%2FAmazfit-Fitness-Super-Light-Measurement-Monitoring%2Fdp%2FB08PCYKXV5%2Fref%3Dsr_1_7_sspa%3Fdchild%3D1%26keywords%3DGarmin%2Bsmart%2Bwatch%26qid%3D1619355436%26sr%3D8-7-spons%26psc%3D1&qualifier=1619355436&id=5587655352581647&widgetName=sp_mtf,4.3 out of 5 stars,Amazfit,Midnight Black,"Fitness Tracker, Alarm, Calendar, Pedometer, Heart Rate Monitor"
"Amazfit Band 5 Fitness Tracker with Alexa Built-in, 15-Day Battery Life, Blood Oxygen, Heart Rate, Sleep Monitoring, Women’s Health Tracking, Music Control, Water Resistant, Black (Model: S2005OV1N)",39.99,https://www.amazon.com//gp/slredirect/picassoRedirect.html/ref=pa_sp_atf_aps_sr_pg1_1?ie=UTF8&adId=A08455731TRKAPCNT5W6A&url=%2FAmazfit-Fitness-Monitoring-Tracking-Resistant%2Fdp%2FB08DKYLK4D%2Fref%3Dsr_1_2_sspa%3Fdchild%3D1%26keywords%3DAMAZFIT%2Bsmart%2Bwatch%26qid%3D1619356188%26sr%3D8-2-spons%26psc%3D1&qualifier=1619356188&id=5332740041219992&widgetName=sp_atf,4.3 out of 5 stars,Amazfit,Midnight Black,"Fitness Tracker, Email, Messages, Social Media, Blood Pressure Monitor, Calendar, Pedometer, GPS, Time Display, Sleep Monitor, Multisport Tracking, Alarm, Elevation Tracker, Voice Control, Heart Rate Monitor, Music Player"
"Amazfit T-Rex Smartwatch, Military Standard Certified, Tough Body, GPS, 20-Day Battery Life, 1.3'' AMOLED Display, Water Resistant, 14-Sports Modes, Rock Black",139.99,https://www.amazon.com//Amazfit-Smartwatch-Military-Certifications-Water-Resistant/dp/B082TYT6X4/ref=sr_1_7?dchild=1&keywords=AMAZFIT+smart+watch&qid=1619356188&sr=8-7,4.3 out of 5 stars,Amazfit,Rock Black,"Fitness Tracker, Email, Alarm, Calendar, GPS"
"Amazfit GTR 2e Smartwatch with 24H Heart Rate Monitor, Sleep, Stress and SpO2 Monitor, Activity Tracker Sports Watch with 90 Sports Modes, 24 Day Battery Life, Slate Grey",139.99,https://www.amazon.com//Amazfit-GTR-Smartwatch-Monitor-Activity/dp/B08PD4B71H/ref=sr_1_8?dchild=1&keywords=AMAZFIT+smart+watch&qid=1619356188&sr=8-8,4.3 out of 5 stars,Amazfit,Slate Grey,
"Amazfit GTR 2e Smartwatch with 24H Heart Rate Monitor, Sleep, Stress and SpO2 Monitor, Activity Tracker Sports Watch with 90 Sports Modes, 24 Day Battery Life, Matcha Green",139.99,https://www.amazon.com//Amazfit-Smartwatch-Monitor-Activity-Tracker/dp/B08PD3R9ZF/ref=sr_1_17?dchild=1&keywords=AMAZFIT+smart+watch&qid=1619356188&sr=8-17,4.3 out of 5 stars,Amazfit,Matcha Green,
"Amazfit Neo Fitness Retro Smartwatch with Real-Time Workout Tracking, Heart Rate and Sleep Monitoring, 28-Day Battery Life, Smart Notifications, 1.2"" Always-On Display, Water Resistant, Black",39.99,https://www.amazon.com//Amazfit-Smartwatch-Real-Time-Monitoring-Notifications/dp/B08HRB7XL2/ref=sr_1_18?dchild=1&keywords=AMAZFIT+smart+watch&qid=1619356188&sr=8-18,4.3 out of 5 stars,Amazfit,Black,
"Amazfit GTR Smartwatch, 1.39'' AMOLDED Display 24/7 Heart Rate Monitor, 24 Day Batter Life, 12 Sports Modes(47mm, GPS, Bluetooth), Titanium",179.99,https://www.amazon.com//Amazfit-Titanium-Smartwatch-Activity-Tracking/dp/B07VKKT73H/ref=sr_1_20?dchild=1&keywords=AMAZFIT+smart+watch&qid=1619356324&sr=8-20,4.3 out of 5 stars,Amazfit,Titanium 47mm,
"Amazfit Bip U Health Fitness Smartwatch with SpO2 Measurement, 9-Day Battery Life, Breathing, Heart Rate, Stress, Sleep Monitoring, Music Control, Water Resistant, 60+ Sports Modes, HD Display (Black)",59.99,https://www.amazon.com//Amazfit-Smartwatch-Measurement-Breathing-Monitoring/dp/B08JS2SKNL/ref=sr_1_5?dchild=1&keywords=AMAZFIT+smart+watch&qid=1619356188&sr=8-5,4.2 out of 5 stars,Amazfit,Black,"Fitness Tracker, Breath Monitor, Alarm, Calendar, Heart Rate Monitor"
"Amazfit GTR Smartwatch, 1.39'' AMOLDED Display 24/7 Heart Rate Monitor, 24 Day Batter Life, 12 Sports Modes(47mm, GPS, Bluetooth), Aluminum Alloy",139.99,https://www.amazon.com//Amazfit-Aluminium-Smartwatch-Activity-Tracking/dp/B07VKKM7RK/ref=sr_1_12?dchild=1&keywords=AMAZFIT+smart+watch&qid=1619356188&sr=8-12,4.2 out of 5 stars,Amazfit,Alumunium Alloy,"Fitness Tracker, Email, Messages, Social Media, Calendar, GPS, Time Display, Weather, Reminders, Contacts, Phone, Alarm, Multisport Tracker, Elevation Tracker, Heart Rate Monitor, Music Player"
"Amazfit Bip U Pro Smart Watch with Built-in GPS, 9-Day Battery Life, Fitness Tracker, Blood Oxygen, Heart Rate, Sleep, Stress Monitor, 60+ Sports Modes, 1.43"" Large HD Display, Water Resistant (Black)",59.3,https://www.amazon.com//Amazfit-Battery-Fitness-Tracker-Resistant/dp/B08JRZS7K3/ref=sr_1_14?dchild=1&keywords=Willful+smart+watch&qid=1619354967&sr=8-14,4.1 out of 5 stars,Amazfit,Black,"Fitness Tracker, Breath Monitor, Alarm, Calendar, Heart Rate Monitor"
"Amazfit GTR 2 Smartwatch with 3GB Music Storage, GPS, Heart Rate, Sleep, Stress, SpO2 Monitor, 14-Day Battery Life, Bluetooth Phone Calls, 90 Sports Modes, Water-Resistant (Sports)",159.99,https://www.amazon.com//gp/slredirect/picassoRedirect.html/ref=pa_sp_atf_aps_sr_pg1_1?ie=UTF8&adId=A00920882MJPYWTQ8BQSA&url=%2FAmazfit-Smartwatch-Storage-Bluetooth-Water-Resistant%2Fdp%2FB08HR91GQB%2Fref%3Dsr_1_1_sspa%3Fdchild%3D1%26keywords%3DGarmin%2Bsmart%2Bwatch%26qid%3D1619355436%26sr%3D8-1-spons%26psc%3D1&qualifier=1619355436&id=5587655352581647&widgetName=sp_atf,4.1 out of 5 stars,Amazfit,Sport Edition,
"Amazfit GTR 2e Smartwatch with 24H Heart Rate, Sleep, Stress and SpO2 Monitor, Activity Tracker with 90 Sports Modes, 24 Day Battery Life, Black",139.99,https://www.amazon.com//Amazfit-Smartwatch-Monitor-Activity-Tracker/dp/B08PCZKXN1/ref=sr_1_10?dchild=1&keywords=AMAZFIT+smart+watch&qid=1619356188&sr=8-10,4.1 out of 5 stars,Amazfit,Obsidian Black,
"Amazfit GTR Smartwatch with GPS+Glonass, All-Day Heart Rate Monitor, Daily Activity Tracker Rate and Activity Tracking, 10-Day Battery Life, 12-Sport Modes, 42mm, Moonlight White",129.99,https://www.amazon.com//Amazfit-Smartwatch-Activity-Tracking-Moonlight/dp/B07VKMW3Z6/ref=sr_1_14?dchild=1&keywords=AMAZFIT+smart+watch&qid=1619356188&sr=8-14,4.0 out of 5 stars,Amazfit,Moonlight White,"Fitness Tracker, Email, Contacts, Alarm, Calendar"
"Amazfit Verge Smartwatch with Alexa Built-in, GPS Plus GLONASS All-Day Heart Rate and Activity Tracking, 5-Day Battery Life, Ability to Make and Answer Phone Calls, Ip68 Waterproof, A1811 White",155.95,https://www.amazon.com//Amazfit-Smartwatch-Activity-Tracking-Waterproof/dp/B07L5FNW77/ref=sr_1_19?dchild=1&keywords=AMAZFIT+smart+watch&qid=1619356324&sr=8-19,3.7 out of 5 stars,Amazfit,White,
"AMENON Fitness Tracker Watch, IP67 Waterproof Smart Watch Heart Rate Blood Pressure Oxygen Monitor for Women Men, Health Exercise Watch Activity Tracker with Pedometer, Calorie Counter, Sleep Monitor",22.99,https://www.amazon.com//AMENON-Fitness-Tracker-Watch-Women/dp/B085NVPJCJ/ref=sr_1_22?dchild=1&keywords=LETSCOM+smart+watch&qid=1619356058&sr=8-22,3.7 out of 5 stars,AMENON,Blue,
Beantech Smart Watch for Apple/Android Phones. 8GB of Music Storage. Silver with Leather Strap.,49.99,https://www.amazon.com//gp/slredirect/picassoRedirect.html/ref=pa_sp_mtf_aps_sr_pg2_1?ie=UTF8&adId=A01716753CRPGW1RAE8RT&url=%2FBit-Android-Phones-Storage-Leather%2Fdp%2FB071VZMBH9%2Fref%3Dsr_1_27_sspa%3Fdchild%3D1%26keywords%3DLETSCOM%2Bsmart%2Bwatch%26qid%3D1619356058%26sr%3D8-27-spons%26psc%3D1&qualifier=1619356058&id=5090118737998789&widgetName=sp_mtf,3.1 out of 5 stars,Beantech,Silver with Black Strap,
"Blackview Smart Watch for Android Phones and iOS Phones, All-Day Activity Tracker with Heart Rate Sleep Monitor, 1.3"" Full Touch Screen, 5ATM Waterproof Pedometer, Smartwatch for Men Women",34.99,https://www.amazon.com//Blackview-Activity-Waterproof-Pedometer-Smartwatch/dp/B07YBVGXD8/ref=sr_1_19?dchild=1&keywords=Willful+smart+watch&qid=1619354967&sr=8-19,4.2 out of 5 stars,Blackview,Black,"Fitness Tracker, Sleep Monitor, Smart Notifications, Messages, Alarm, Calendar, GPS, Heart Rate Monitor, Multisport Tracker, Find My Phone"
"Blackview Smart Watch R3 Pro for Android and iOS Phones,Fitness Tracker Heart Rate Monitor,IP68 Swimming Waterproof,1.54 Inch Digital Smartwatch for Women Men,Ultra-Long Battery Life",35.99,https://www.amazon.com//Blackview-Fitness-Waterproof-Pedometer-Smartwatch/dp/B08MJNBN74/ref=sr_1_21?dchild=1&keywords=Willful+smart+watch&qid=1619355161&sr=8-21,4.2 out of 5 stars,Blackview,Green,"Fitness Tracker, Sleep Monitor, Messages, Phone, Pedometer, Heart Rate Monitor"
"Smart Watch for Women, Fitness Tracker IP67 Waterproof Color 1.54'' Full Touch Screen Fitness Watch Bluetooth Smartwatch with Heart Rate/Sleep Monitor Pedometer SMS Notification for iOS Android",37.99,https://www.amazon.com//Waterproof-Bluetooth-Smartwatch-Pedometer-Notification/dp/B086VJCD5X/ref=sr_1_24?dchild=1&keywords=LETSCOM+smart+watch&qid=1619356058&sr=8-24,3.9 out of 5 stars,BYTTRON,Pink,"Fitness Tracker, Time Display, Sleep Monitor, Email, Phone, Alarm, GPS, Pedometer, Camera, Heart Rate Monitor"
CanMixs Smart Watch for Android Phones iOS Waterproof Smart Watches for Women Men Sports Digital Watch Fitness Tracker Heart Rate Blood Oxygen Sleep Monitor Touch Screen Compatible Samsung iPhone,40.99,https://www.amazon.com//CanMixs-Android-Waterproof-Watches-Compatible/dp/B08J41PMYF/ref=sr_1_33?dchild=1&keywords=LETSCOM+smart+watch&qid=1619356058&sr=8-33,4.1 out of 5 stars,CanMixs,P22gold-S,"Fitness Tracker, Weather, Sleep Monitor, Phone, Alarm, GPS, Pedometer, Camera, Heart Rate Monitor"
"Smart Watch for Women 1.69"" Touch Screen Fitness Tracker Watch IP67 Waterproof Smartwatch with Heart Rate and Sleep Monitor, Step Counter Sport Running Watch for Android and iOS(Pink)",49.99,https://www.amazon.com//Fitness-Tracker-Waterproof-Smartwatch-Monitor/dp/B08PB9FFM8/ref=sr_1_32?dchild=1&keywords=LETSCOM+smart+watch&qid=1619356058&sr=8-32,4.5 out of 5 stars,Choosice,Pink,"Fitness Tracker, Sleep Monitor, Find My Phone, Reminders, Email, Messages, Alarm, Calendar, GPS, Pedometer, Heart Rate Monitor"
"Smart Watch, CNPGD Fitness Tracker for Men Women, Bracelet Band with 24 Hour Body Temperature Heart Rate Monitor Blood Pressure Blood Oxygen(SpO2) Waterproof smartwatch for iPhone Android Phones",18.99,https://www.amazon.com//CNPGD-Bracelet-Temperature-Waterproof-smartwatch/dp/B08DJC6W7S/ref=sr_1_32?dchild=1&keywords=AMAZFIT+smart+watch&qid=1619356324&sr=8-32,3.5 out of 5 stars,CNPGD,Black,"Fitness Tracker, Weather, Sleep Monitor, Messages, Alarm, Pedometer, Heart Rate Monitor"
"Smart Watch, Dirrelo Smart Watches for Women Android Phones and iPhone Compatible, IP68 Waterproof Fitness Tracker,1.55 Inch Touch Screen, Real-time Heart Rate/Blood Oxygen Monitor & Sleep Tracking",49.89,https://www.amazon.com//Dirrelo-Compatible-Waterproof-Real-time-Tracking/dp/B08RN89SQ4/ref=sr_1_15?dchild=1&keywords=Willful+smart+watch&qid=1619354967&sr=8-15,4.0 out of 5 stars,Dirrelo,A-Pink,"Fitness Tracker, Weather, Sleep Monitor, Find My Phone, Messages, Phone, Alarm, Pedometer, Heart Rate Monitor"
"Donerton Smart Watch, Fitness Tracker 1.4 for Android Phones, Fitness Tracker with Heart Rate and Sleep Monitor, Activity Tracker with IP67 Waterproof Pedometer Smartwatch Step Counter for Women Men",37.99,https://www.amazon.com//Donerton-Activity-Waterproof-Pedometer-Smartwatch/dp/B08DTNHDYJ/ref=sr_1_24?dchild=1&keywords=Fitbit+smart+watch&qid=1619355825&sr=8-24,4.1 out of 5 stars,Donerton,Black,Heart Rate Monitor
"Smart Watch, FirYawee Smartwatch for Android Phones and iOS Phones,Fitness Tracker Waterproof IP68 with Heart Rate Monitor and Sleep Monitor,Step and Distance Counter,Smart Watch for Men Women",45.99,https://www.amazon.com//FirYawee-Smartwatch-Android-Waterproof-Distance/dp/B08F54L2FP/ref=sr_1_18?dchild=1&keywords=Willful+smart+watch&qid=1619354967&sr=8-18,4.2 out of 5 stars,FirYawee,Light Pink,"Fitness Tracker, Sleep Monitor, Messages, GPS, Heart Rate Monitor"
"FirYawee Smart Watch for Android Phones Compatible with iPhone Samsung, Fitness Watch with Heart Rate Monitor and Sleep Monitor, Step/Distance/Calorie Counter, 2021 Version smartwatch for Men Women",49.99,https://www.amazon.com//gp/slredirect/picassoRedirect.html/ref=pa_sp_mtf_aps_sr_pg1_1?ie=UTF8&adId=A00719922FNHJ9OPXUZ39&url=%2FFirYawee-Android-Compatible-Distance-smartwatch%2Fdp%2FB08SK5QC36%2Fref%3Dsr_1_12_sspa%3Fdchild%3D1%26keywords%3DSamsung%2Bsmart%2Bwatch%26qid%3D1619355208%26sr%3D8-12-spons%26psc%3D1&qualifier=1619355208&id=2299912490841464&widgetName=sp_mtf,4.2 out of 5 stars,FirYawee,Pink,
"Fitbit Ace 2 Activity Tracker for Kids, 1 Count",39.95,https://www.amazon.com//Fitbit-Ace-Activity-Tracker-Kids/dp/B07MCD5NJ4/ref=sr_1_21?dchild=1&keywords=Fitbit+smart+watch&qid=1619355825&sr=8-21,4.7 out of 5 stars,Fitbit,Night Sky + Neon Yellow,
"Fitbit Versa 2 Health and Fitness Smartwatch with Heart Rate, Music, Alexa Built-In, Sleep and Swim Tracking, Bordeaux/Copper Rose, One Size (S and L Bands Included)",210.21,https://www.amazon.com//Fitbit-Smartwatch-Tracking-Bordeaux-Included/dp/B07TWFWJDZ/ref=sr_1_3?dchild=1&keywords=Fitbit+smart+watch&qid=1619355645&sr=8-3,4.6 out of 5 stars,Fitbit,Bordeaux/Copper Rose,"Weather, Sleep Monitor, Reminders, Voice Assistant, Alexa, Phone, GPS, Heart Rate Monitor"
"Fitbit Versa Lite Edition Smart Watch, One Size (S and L Bands Included), 1 Count",159.95,https://www.amazon.com//Fitbit-Versa-Smart-Watch-included/dp/B07MSYTQQ1/ref=sr_1_10?dchild=1&keywords=Fitbit+smart+watch&qid=1619355645&sr=8-10,4.6 out of 5 stars,Fitbit,Mulberry/Mulberry Aluminum,"Fitness Tracker, Reminders, Heart Rate Monitor"
"Fitbit Inspire 2 Health & Fitness Tracker with a Free 1-Year Fitbit Premium Trial, 24/7 Heart Rate, Black/Black, One Size (S & L Bands Included)",68.95,https://www.amazon.com//Fitbit-Inspire-Fitness-Tracker-Included/dp/B08DFGPTSK/ref=sr_1_19?dchild=1&keywords=Fitbit+smart+watch&qid=1619355645&sr=8-19,4.6 out of 5 stars,Fitbit,Black/Black,
"Fitbit Inspire 2 Health & Fitness Tracker with a Free 1-Year Fitbit Premium Trial, 24/7 Heart Rate, Black/Rose, One Size (S & L Bands Included)",68.95,https://www.amazon.com//gp/slredirect/picassoRedirect.html/ref=pa_sp_atf_next_aps_sr_pg2_1?ie=UTF8&adId=A0555625H6RIK6GKQQ23&url=%2FFitbit-Inspire-Fitness-Tracker-Included%2Fdp%2FB08DFDP1TR%2Fref%3Dsr_1_17_sspa%3Fdchild%3D1%26keywords%3DLETSCOM%2Bsmart%2Bwatch%26qid%3D1619356058%26sr%3D8-17-spons%26psc%3D1&qualifier=1619356058&id=5090118737998789&widgetName=sp_atf_next,4.6 out of 5 stars,Fitbit,Black/Rose,
"Fitbit Versa 3 Health & Fitness Smartwatch with GPS, 24/7 Heart Rate, Alexa Built-in, 6+ Days Battery, Midnight Blue/Gold, One Size (S & L Bands Included)",179.95,https://www.amazon.com//gp/slredirect/picassoRedirect.html/ref=pa_sp_atf_next_aps_sr_pg2_1?ie=UTF8&adId=A1043102PXL8HR4QQMPU&url=%2FFitbit-Fitness-Smartwatch-Midnight-Included%2Fdp%2FB08DFPZG71%2Fref%3Dsr_1_17_sspa%3Fdchild%3D1%26keywords%3DSamsung%2Bsmart%2Bwatch%26qid%3D1619355298%26sr%3D8-17-spons%26psc%3D1&qualifier=1619355298&id=367578645437265&widgetName=sp_atf_next,4.5 out of 5 stars,Fitbit,Midnight Blue/Gold,"Weather, Sleep Monitor, Reminders, Voice Assistant, Alexa, Phone, GPS, Heart Rate Monitor"
"Fitbit Versa 3 Health & Fitness Smartwatch with GPS, 24/7 Heart Rate, Alexa Built-in, 6+ Days Battery, Pink/Gold, One Size (S & L Bands Included)",179.95,https://www.amazon.com//gp/slredirect/picassoRedirect.html/ref=pa_sp_atf_next_aps_sr_pg3_1?ie=UTF8&adId=A10431701BKJWNCXDX1RM&url=%2FFitbit-Fitness-Smartwatch-Battery-Included%2Fdp%2FB08DFGWDZR%2Fref%3Dsr_1_34_sspa%3Fdchild%3D1%26keywords%3DSamsung%2Bsmart%2Bwatch%26qid%3D1619355382%26sr%3D8-34-spons%26psc%3D1&qualifier=1619355382&id=7513552825948063&widgetName=sp_atf_next,4.5 out of 5 stars,Fitbit,Pink/Gold,"Weather, Sleep Monitor, Reminders, Voice Assistant, Alexa, Phone, GPS, Heart Rate Monitor"
"Fitbit Sense Advanced Smartwatch with Tools for Heart Health, Stress Management & Skin Temperature Trends, White/Gold, One Size (S & L Bands Included)",248.95,https://www.amazon.com//Fitbit-Advanced-Smartwatch-Management-Temperature/dp/B08DFLG5SP/ref=sr_1_40?dchild=1&keywords=Samsung+smart+watch&qid=1619355382&sr=8-40,4.5 out of 5 stars,Fitbit,White/Gold,"Weather, Sleep Monitor, Reminders, Voice Assistant, Alexa, Phone, GPS, Heart Rate Monitor"
"Fitbit Sense Advanced Smartwatch with Tools for Heart Health, Stress Management & Skin Temperature Trends, Carbon/Graphite, One Size (S & L Bands Included)",248.95,https://www.amazon.com//Fitbit-Advanced-Smartwatch-Management-Temperature/dp/B08DFCWVZ4/ref=sr_1_4?dchild=1&keywords=Fitbit+smart+watch&qid=1619355645&sr=8-4,4.5 out of 5 stars,Fitbit,Copper,
"Fitbit Versa 3 Health & Fitness Smartwatch with GPS, 24/7 Heart Rate, Alexa Built-in, 6+ Days Battery, Black/Black, One Size (S & L Bands Included)",178.95,https://www.amazon.com//Fitbit-Fitness-Smartwatch-Battery-Included/dp/B08DFPV5Y2/ref=sr_1_5?dchild=1&keywords=Fitbit+smart+watch&qid=1619355645&sr=8-5,4.5 out of 5 stars,Fitbit,Black/Black,"Weather, Sleep Monitor, Reminders, Voice Assistant, Alexa, Phone, GPS, Heart Rate Monitor"
"Fitbit Versa Lite Edition Smart Watch, One Size (S and L Bands Included)",221.99,https://www.amazon.com//Fitbit-Versa-Smart-Watch-included/dp/B07MFZ9MGQ/ref=sr_1_9?dchild=1&keywords=Fitbit+smart+watch&qid=1619355645&sr=8-9,4.5 out of 5 stars,Fitbit,Marina Blue/Marina Blue Aluminum,"Fitness Tracker, Reminders, Heart Rate Monitor"
Fitbit Versa Lite,244,https://www.amazon.com//Fitbit-Versa-Smart-Watch-included/dp/B07MFZ9MHM/ref=sr_1_15?dchild=1&keywords=Fitbit+smart+watch&qid=1619355645&sr=8-15,4.5 out of 5 stars,Fitbit,White/Silver Aluminum,"Weather, Sleep Monitor, Phone, Calendar, GPS, Heart Rate Monitor"
"Fitbit Charge 4 Fitness and Activity Tracker with Built-in GPS, Heart Rate, Sleep & Swim Tracking, Rosewood/Rosewood, One Size (S &L Bands Included)",98.95,https://www.amazon.com//Fitbit-Activity-Tracking-Rosewood-Included/dp/B084CQSL3Q/ref=sr_1_18?dchild=1&keywords=Fitbit+smart+watch&qid=1619355645&sr=8-18,4.5 out of 5 stars,Fitbit,Rosewood/Rosewood,
"Fitbit Aria Air Bluetooth Digital Body Weight and BMI Smart Scale, Black",49.75,https://www.amazon.com//Fitbit-FB203BK-Bluetooth-Digital-Weight/dp/B07VV6GKDS/ref=sr_1_25?dchild=1&keywords=Fitbit+smart+watch&qid=1619355825&sr=8-25,4.5 out of 5 stars,Fitbit,Black,
"Fitbit Versa Lite Smartwatch, Charcoal/Silver Aluminum, One Size (S & L Bands Included)",229.99,https://www.amazon.com//Fitbit-Smartwatch-Charcoal-Aluminum-Included/dp/B07RCKMG6H/ref=sr_1_14?dchild=1&keywords=Fitbit+smart+watch&qid=1619355645&sr=8-14,4.4 out of 5 stars,Fitbit,Charcoal/Silver Aluminum,"Fitness Tracker, Weather, Sleep Monitor, Reminders, Messages, Calendar, GPS, Heart Rate Monitor"
"Fitbit Versa Smart Watch, Peach/Rose Gold Aluminium, One Size (S & L Bands Included)",260,https://www.amazon.com//Fitbit-Versa-Connected-Watch-Well-Being/dp/B07B9WFFJV/ref=sr_1_11?dchild=1&keywords=Fitbit+smart+watch&qid=1619355645&sr=8-11,4.3 out of 5 stars,Fitbit,Pink,"Sleep Monitor, Phone, GPS, Heart Rate Monitor, Music Player"
"Fitbit Versa 3 Health & Fitness Smartwatch W/ Bluetooth Calls/Texts, Fast Charging, GPS, Heart Rate SpO2, 6+ Days Battery (S & L Bands, 90 Day Premium Included) International Version (Black Aluminum)",239.99,https://www.amazon.com//Fitbit-Smartwatch-Bluetooth-Charging-International/dp/B08FS9QFMJ/ref=sr_1_13?dchild=1&keywords=Fitbit+smart+watch&qid=1619355645&sr=8-13,4.3 out of 5 stars,Fitbit,Black Aluminum,
Fitbit Charge 3 Fitness Activity Tracker,164.99,https://www.amazon.com//Fitbit-Fitness-Activity-Graphite-Included/dp/B07FTN21JL/ref=sr_1_22?dchild=1&keywords=Fitbit+smart+watch&qid=1619355825&sr=8-22,4.3 out of 5 stars,Fitbit,Graphite/Black,
"Fitbit Versa Smart Watch, Black/Black Aluminium, One Size (S & L Bands Included)",199.95,https://www.amazon.com//Fitbit-Versa-Smart-Aluminium-Included/dp/B07B48SQGT/ref=sr_1_8?dchild=1&keywords=Fitbit+smart+watch&qid=1619355645&sr=8-8,4.2 out of 5 stars,Fitbit,Black,Fitness Tracker
"Fitbit_Surge Surge Smart Fitness Superwatch, Large (6.3-7.8 in) (US Version)-Black,with Built-in GPS, Multisport functionality, and Automatic, Continuous Heart Rate",99.95,https://www.amazon.com//Fitbit_Surge-Superwatch-Multisport-functionality-Continuous/dp/B08J86LHBF/ref=sr_1_21?dchild=1&keywords=Fitbit+smart+watch&qid=1619355645&sr=8-21,4.1 out of 5 stars,Fitbit,Black,
"Fitbit Charge Wireless Activity Wristband, Black, Small",109.95,https://www.amazon.com//Fitbit-Charge-Wireless-Activity-Wristband/dp/B00N2BVTJU/ref=sr_1_31?dchild=1&keywords=Fitbit+smart+watch&qid=1619355825&sr=8-31,3.8 out of 5 stars,Fitbit,Black,"Fitness Tracker, Sleep Monitor, Phone, Alarm, Pedometer"
"Garmin fenix 6 Sapphire, Premium Multisport GPS Watch, Features Mapping, Music, Grade-Adjusted Pace Guidance and Pulse Ox Sensors, Carbon Gray DLC with Black Band",699.69,https://www.amazon.com//Garmin-Sapphire-Multisport-features-Grade-Adjusted/dp/B07WL4ZHQ5/ref=sr_1_22?dchild=1&keywords=Garmin+smart+watch&qid=1619355578&sr=8-22,4.8 out of 5 stars,Garmin,6 Sapphire - Dark Gray with Black Band,
"Garmin 010-02064-00 Instinct, Rugged Outdoor Watch with GPS, Features Glonass and Galileo, Heart Rate Monitoring and 3-Axis Compass, Graphite",189.99,https://www.amazon.com//Garmin-Instinct-Features-Monitoring-Graphite/dp/B07HYX9P88/ref=sr_1_4?dchild=1&keywords=Garmin+smart+watch&qid=1619355436&sr=8-4,4.7 out of 5 stars,Garmin,Graphite,
Garmin 010-01746-00 Forerunner 935 Running GPS Unit (Black),300.41,https://www.amazon.com//Garmin-Forerunner-Running-Unit-Black/dp/B06XGD6CS4/ref=sr_1_21?dchild=1&keywords=Garmin+smart+watch&qid=1619355436&sr=8-21,4.7 out of 5 stars,Garmin,Black,
"Garmin Forerunner 245 Music, GPS Running Smartwatch with Music and Advanced Dynamics, Black",297.5,https://www.amazon.com//Garmin-Forerunner-Smartwatch-Advanced-Dynamics/dp/B07QLVHBLF/ref=sr_1_20?dchild=1&keywords=Garmin+smart+watch&qid=1619355578&sr=8-20,4.7 out of 5 stars,Garmin,Black,
"Garmin 010-02063-00 Forerunner 945, Premium GPS Running/Triathlon Smartwatch with Music, Black",523.97,https://www.amazon.com//Garmin-Forerunner-Premium-Triathlon-Smartwatch/dp/B07QTVMWVL/ref=sr_1_25?dchild=1&keywords=Garmin+smart+watch&qid=1619355578&sr=8-25,4.7 out of 5 stars,Garmin,Black,
"Garmin 010-02173-11 Venu, GPS Smartwatch with Bright Touchscreen Display, Features Music, Body Energy Monitoring, Animated Workouts, Pulse Ox Sensor and More, Black",269.98,https://www.amazon.com//Garmin-Smartwatch-Touchscreen-Monitoring-010-02173-11/dp/B07WLN9RYD/ref=sr_1_5?dchild=1&keywords=Garmin+smart+watch&qid=1619355436&sr=8-5,4.6 out of 5 stars,Garmin,Black - Venu,"Sleep Monitor, Phone, GPS, Heart Rate Monitor"
"Garmin Vivoactive 4, GPS Smartwatch, Features Music, Body Energy Monitoring, Animated Workouts, Pulse Ox Sensors and More, Black",269,https://www.amazon.com//Garmin-V%C3%ADvoactive-Smartwatch-Features-Monitoring/dp/B07W7W8WBH/ref=sr_1_6?dchild=1&keywords=Garmin+smart+watch&qid=1619355436&sr=8-6,4.6 out of 5 stars,Garmin,Black,"Sleep Monitor, Reminders, Messages, Contacts, Phone, Calendar, GPS"
"Garmin 010-01689-00 Forerunner 35; Easy-to-Use GPS Running Watch, Black",97.57,https://www.amazon.com//Garmin-Forerunner-Easy-Running-Watch/dp/B01KPUHBK6/ref=sr_1_8?dchild=1&keywords=Garmin+smart+watch&qid=1619355436&sr=8-8,4.6 out of 5 stars,Garmin,Black,
"Garmin Forerunner 45S, 39mm Easy-to-use GPS Running Watch with Coach Free Training Plan Support, White",149.5,https://www.amazon.com//Garmin-Forerunner-Running-Training-Support/dp/B07QZT6KRD/ref=sr_1_10?dchild=1&keywords=Garmin+smart+watch&qid=1619355436&sr=8-10,4.6 out of 5 stars,Garmin,White,
"Garmin Forerunner 235, GPS Running Watch, Black/Gray",162.75,https://www.amazon.com//Garmin-Forerunner-Running-Watch-Black/dp/B0160BC1FO/ref=sr_1_19?dchild=1&keywords=Garmin+smart+watch&qid=1619355436&sr=8-19,4.6 out of 5 stars,Garmin,Black/Gray,
"Garmin fenix 5 Plus, Premium Multisport GPS Smartwatch, Features Color Topo Maps, Heart Rate Monitoring, Music and Contactless Payment, Black with Black Band",398,https://www.amazon.com//Garmin-Multisport-Smartwatch-Features-Monitoring/dp/B07D9FB15R/ref=sr_1_20?dchild=1&keywords=Garmin+smart+watch&qid=1619355436&sr=8-20,4.6 out of 5 stars,Garmin,Black W/Black band,
"Garmin Forerunner 745, GPS Running Watch, Detailed Training Stats and On-Device Workouts, Essential Smartwatch Functions, Whitestone",499.99,https://www.amazon.com//Garmin-Forerunner-Smartwatch-Whitestone-010-02445-03/dp/B08G597NJJ/ref=sr_1_21?dchild=1&keywords=Garmin+smart+watch&qid=1619355578&sr=8-21,4.6 out of 5 stars,Garmin,Whitestone,
"Garmin Legacy Hero Series, Marvel Captain America Inspired Premium Smartwatch, Includes a Captain America Inspired App Experience",399.99,https://www.amazon.com//Garmin-Captain-Inspired-Smartwatch-Experience/dp/B07X1TVY5W/ref=sr_1_23?dchild=1&keywords=Garmin+smart+watch&qid=1619355578&sr=8-23,4.6 out of 5 stars,Garmin,Blue,Phone
"Garmin 010-02174-01 Vivoactive 4, GPS Smartwatch, Features Music, Body Energy Monitoring, Animated Workouts, Pulse Ox Sensors and More, Silver with Gray Band",291.54,https://www.amazon.com//gp/slredirect/picassoRedirect.html/ref=pa_sp_mtf_aps_sr_pg1_1?ie=UTF8&adId=A0711314127PSBP7XGQ65&url=%2FGarmin-v%25C3%25ADvoactive-Smartwatch-Features-Monitoring%2Fdp%2FB07W6RWL2R%2Fref%3Dsr_1_12_sspa%3Fdchild%3D1%26keywords%3DFitbit%2Bsmart%2Bwatch%26qid%3D1619355645%26sr%3D8-12-spons%26psc%3D1&qualifier=1619355645&id=3949720464094938&widgetName=sp_mtf,4.6 out of 5 stars,Garmin,Silver with Gray Band,"Sleep Monitor, Reminders, Messages, Contacts, Phone, Calendar, GPS"
"Garmin 010-02427-00 Venu Sq, GPS Smartwatch with Bright Touchscreen Display, Up to 6 Days of Battery Life, Slate",149.99,https://www.amazon.com//Garmin-010-02427-00-Smartwatch-Touchscreen-Display/dp/B08FRQ57JG/ref=sr_1_34?dchild=1&keywords=Samsung+smart+watch&qid=1619355298&sr=8-34,4.5 out of 5 stars,Garmin,Black,"Sleep Monitor, Contacts, Social Media, GPS, Heart Rate Monitor"
"Garmin 010-01769-01 Vivoactive 3, GPS Smartwatch with Contactless Payments and Built-In Sports Apps, Black with Silver Hardware",122.49,https://www.amazon.com//Garmin-v%C3%ADvoactive-Smartwatch-Contactless-Payments/dp/B074KBWL9J/ref=sr_1_35?dchild=1&keywords=Samsung+smart+watch&qid=1619355298&sr=8-35,4.5 out of 5 stars,Garmin,Black With Stainless,"Email, GPS, Heart Rate Monitor"
"Garmin Venu Sq, GPS Smartwatch with Bright Touchscreen Display, Up to 6 Days of Battery Life, Orchid Purple",149.5,https://www.amazon.com//Garmin-Smartwatch-Touchscreen-Display-Battery/dp/B08FRP4WKT/ref=sr_1_20?dchild=1&keywords=Fitbit+smart+watch&qid=1619355825&sr=8-20,4.5 out of 5 stars,Garmin,Orchid Purple,"Sleep Monitor, Contacts, Social Media, GPS, Heart Rate Monitor"
"Garmin Venu Sq Music, GPS Smartwatch with Bright Touchscreen Display, Features Music and Up to 6 Days of Battery Life, White and Slate",249.99,https://www.amazon.com//gp/slredirect/picassoRedirect.html/ref=pa_sp_mtf_aps_sr_pg2_1?ie=UTF8&adId=A060678424Z4YDC78MCT3&url=%2FGarmin-Smartwatch-Touchscreen-Display-Features%2Fdp%2FB08STTHCFC%2Fref%3Dsr_1_27_sspa%3Fdchild%3D1%26keywords%3DFitbit%2Bsmart%2Bwatch%26qid%3D1619355825%26sr%3D8-27-spons%26psc%3D1&qualifier=1619355825&id=3275473512339420&widgetName=sp_mtf,4.5 out of 5 stars,Garmin,White and Slate,"Sleep Monitor, Phone, GPS, Heart Rate Monitor"
"Garmin vivomove HR Sport, Hybrid Smartwatch for Men and Women, Merlot-Gold Small Medium 010-01850-17",99.99,https://www.amazon.com//Garmin-vivomove-Smartwatch-Merlot-Gold-010-01850-17/dp/B07ZHZQC4S/ref=sr_1_13?dchild=1&keywords=Garmin+smart+watch&qid=1619355436&sr=8-13,4.4 out of 5 stars,Garmin,Purple,"Sleep Monitor, Reminders, Messages, Calendar, Heart Rate Monitor"
"Garmin Hybrid Smartwatch with Real Watch Hands and Hidden Color Touchscreen Displays, rose gold with light sand case and band, 39mm, 010-02238-02",185.3,https://www.amazon.com//Garmin-v%C3%ADvomove-Smartwatch-Touchscreen-Display/dp/B07VZYRXQ3/ref=sr_1_14?dchild=1&keywords=Garmin+smart+watch&qid=1619355436&sr=8-14,4.4 out of 5 stars,Garmin,Rose Gold with Light Sand Case and Band,"Sleep Monitor, Messages, Calendar, GPS"
"Garmin D2 Delta PX, GPS Pilot Watch with Pulse Ox Sensor, Includes Smartwatch Features, Heart Rate and Music, Titanium with Titanium Band",1249,https://www.amazon.com//Garmin-Sensor-Smartwatch-Features-Titanium/dp/B07FVMD44H/ref=sr_1_16?dchild=1&keywords=Garmin+smart+watch&qid=1619355436&sr=8-16,4.4 out of 5 stars,Garmin,DLC Titanium Band,
"Smartwatch GARMIN Vivoactive 3 1,2"" GPS Waterproof 5 ATM Glonass Black Stainless Steel",149.95,https://www.amazon.com//Smartwatch-Vivoactive-Waterproof-Glonass-Stainless/dp/B0751GBCKN/ref=sr_1_18?dchild=1&keywords=Garmin+smart+watch&qid=1619355436&sr=8-18,4.4 out of 5 stars,Garmin,Black,GPS
"Garmin Lily, Small GPS Smartwatch with Touchscreen and Patterned Lens, Dark Purple",149.99,https://www.amazon.com//Garmin-Smartwatch-Touchscreen-Patterned-Purple/dp/B08RMLM1VD/ref=sr_1_11?dchild=1&keywords=Garmin+smart+watch&qid=1619355436&sr=8-11,4.3 out of 5 stars,Garmin,Dark Purple,
"Garmin vívoactive HR GPS Smart Watch, Regular fit - Black",231,https://www.amazon.com//Garmin-v%C3%ADvoactive-Smart-Watch-Regular/dp/B01BKUB6BA/ref=sr_1_19?dchild=1&keywords=Garmin+smart+watch&qid=1619355578&sr=8-19,4.0 out of 5 stars,Garmin,Black,"Time Display, Sleep Monitor, Email, Messages, Social Media, Phone, Alarm, Calendar, GPS, Pedometer, Heart Rate Monitor, Music Player"
"HopoFit Smart Watch for Android Phones iOS,Fitness Tracker for Women Men,Bluetooth IP68 Waterproof Sport Smartwatch for Women Men Heart Rate Sleep Blood Pressure Pedometer Compatible Samsung iPhone",49.99,https://www.amazon.com//HopoFit-Bluetooth-Waterproof-Smartwatch-Compatible/dp/B08M5WSCXN/ref=sr_1_31?dchild=1&keywords=AMAZFIT+smart+watch&qid=1619356324&sr=8-31,4.0 out of 5 stars,HopoFit,Black,"Fitness Tracker, Sleep Monitor, Reminders, Messages, Phone, Alarm, Calendar, Pedometer, Camera, Heart Rate Monitor"
"iTouch Air 3 Smartwatch Fitness Tracker, Heart Rate, Step Counter, Sleep Monitor, Message, IP68 Swimming Waterproof for Women and Men, Touch Screen, Compatible with iPhone and Android (40mm)",59.99,https://www.amazon.com//gp/slredirect/picassoRedirect.html/ref=pa_sp_mtf_aps_sr_pg2_1?ie=UTF8&adId=A10305902P8HFYW8KS9BE&url=%2FiTouch-Air-Smartwatch-Waterproof-Compatible%2Fdp%2FB08MLQ2VRS%2Fref%3Dsr_1_28_sspa%3Fdchild%3D1%26keywords%3DLETSCOM%2Bsmart%2Bwatch%26qid%3D1619356058%26sr%3D8-28-spons%26psc%3D1%26smid%3DACF7JXL2TP6R9&qualifier=1619356058&id=5090118737998789&widgetName=sp_mtf,4.2 out of 5 stars,iTouch,Black/White Perf,
"JazzFit Stainless Steel Smart Watch, Fitness & Activity Tracker, Blood Pressure & Blood Oxygen Monitor, Heart Rate Monitor, Step & Calorie Counter, IP67 Waterproof",69.99,https://www.amazon.com//gp/slredirect/picassoRedirect.html/ref=pa_sp_btf_aps_sr_pg1_1?ie=UTF8&adId=A07359732LX0EYX15M1UW&url=%2FJazzFit-Stainless-Activity-Pressure-Waterproof%2Fdp%2FB08V8MF83Z%2Fref%3Dsr_1_22_sspa%3Fdchild%3D1%26keywords%3DAMAZFIT%2Bsmart%2Bwatch%26qid%3D1619356188%26sr%3D8-22-spons%26psc%3D1&qualifier=1619356188&id=5332740041219992&widgetName=sp_btf,3.9 out of 5 stars,JazzFit,Silver,
"Fitness Tracker, L8star Smart Watch Heart Rate Monitor ,Sleep Monitor,Calorie Counter, 1.3'' Color Touch Screen Activity Tracker with 6 Sports Mode for Women Men, Android iOS",27.99,https://www.amazon.com//L8star-Fitness-Tracker-Monitor-Activity/dp/B085WLSLDW/ref=sr_1_30?dchild=1&keywords=AMAZFIT+smart+watch&qid=1619356324&sr=8-30,3.9 out of 5 stars,L8star,Black,
"LETSCOM Smart Watch for Android Phones Compatible with iPhone, 1.55 Inch Touch Screen, Fitness Tracker with Heart Rate Monitor & Blood Oxygen Saturation, 5ATM Waterproof Smartwatch for Women Men-Black",52.99,https://www.amazon.com//LETSCOM-Compatible-Saturation-Waterproof-Smartwatch/dp/B08Y5N5VYY/ref=sr_1_3?dchild=1&keywords=LETSCOM+smart+watch&qid=1619355957&sr=8-3,4.8 out of 5 stars,LETSCOM,Black,
"LETSCOM Fitness Tracker HR, Activity Tracker Watch with Heart Rate Monitor, Waterproof Smart Fitness Band with Step Counter, Calorie Counter, Pedometer Watch for Women and Men",25.35,https://www.amazon.com//LETSCOM-Fitness-Activity-Waterproof-Pedometer/dp/B077BBDFK2/ref=sr_1_4?dchild=1&keywords=LETSCOM+smart+watch&qid=1619355957&sr=8-4,4.2 out of 5 stars,LETSCOM,Purple,"Fitness Tracker, Sleep Monitor, Alarm, Multisport Tracker, Pedometer, Heart Rate Monitor"
"Lintelek Smart Watch with 1.3"" LCD Full Touch Screen, Large Screen Fitness Tracker with Heart Rate Monitor, Pedometer, Sleep Tracker, Waterproof Activity Tracker for Men, Women and Gift (Black)",36.99,https://www.amazon.com//Lintelek-Fitness-Pedometer-Waterproof-Activity/dp/B07XM5PKDV/ref=sr_1_11?dchild=1&keywords=LETSCOM+smart+watch&qid=1619355957&sr=8-11,4.2 out of 5 stars,Lintelek,Black,"Fitness Tracker, Sleep Monitor, Reminders, Alarm, Pedometer, Heart Rate Monitor"
"Lintelek Fitness Tracker with Heart Rate Monitor, Activity Tracker with Connected GPS, IP67 Waterproof Fitness Watch with Calorie Counter, Pedometer for Men, Women and Gift",26.99,https://www.amazon.com//Lintelek-Activity-Connected-Waterproof-Pedometer/dp/B07SL2PZJ4/ref=sr_1_29?dchild=1&keywords=Fitbit+smart+watch&qid=1619355825&sr=8-29,4.1 out of 5 stars,Lintelek,Dark,
"MorePro Smart Watch 18 Sport Modes Activity Tracker Heart Rate Fitness Watch Blood Oxygen Monitor Sleep Tracker Calories Pedometer Waterproof Smart Band Sports Bracelet for Men, Women, Kids (Grey)",47.99,https://www.amazon.com//MorePro-Activity-Calories-Pedometer-Waterproof/dp/B08CR7B9HS/ref=sr_1_19?dchild=1&keywords=LETSCOM+smart+watch&qid=1619356058&sr=8-19,4.0 out of 5 stars,MorePro,Grey,"Fitness Tracker, Sleep Monitor, Messages, Phone, Alarm, Pedometer, Camera, Heart Rate Monitor"
"Waterproof Health Tracker,MorePro Fitness Tracker Color Screen Sport Smart Watch,Activity Tracker with Heart Rate Blood Pressure Calories Pedometer Sleep Monitor Call/SMS Remind for Smartphones Gift.",37.99,https://www.amazon.com//MorePro-Waterproof-Activity-Pedometer-Smartphones/dp/B07H5KGKFB/ref=sr_1_31?dchild=1&keywords=LETSCOM+smart+watch&qid=1619356058&sr=8-31,3.9 out of 5 stars,MorePro,Black,
"MorePro Heart Rate Monitor Blood Pressure Fitness Activity Tracker with Low O2 Reminder, IP68 Waterproof Smart Watch with HRV Sleep Health Monitor Smartwatch for Android iOS Phones",45.97,https://www.amazon.com//MorePro-Activity-Pressure-Waterproof-Pedometer/dp/B07ZCPX4QJ/ref=sr_1_15?dchild=1&keywords=LETSCOM+smart+watch&qid=1619355957&sr=8-15,3.8 out of 5 stars,MorePro,Deep Black,
"Smart Watch 2021 Ver. Watches for Men Women, Fitness Tracker 1.69"" Touch Screen Smartwatch Fitness Watch Heart Rate Monitor, IP67 Waterproof Pedometer Activity Tracker Sleep Monitor for Android iPhone",49.99,https://www.amazon.com//gp/slredirect/picassoRedirect.html/ref=pa_sp_btf_aps_sr_pg1_1?ie=UTF8&adId=A07512091C14O25JRBLTA&url=%2FWatches-Smartwatch-Waterproof-Pedometer-Activity%2Fdp%2FB08NWQQWYH%2Fref%3Dsr_1_22_sspa%3Fdchild%3D1%26keywords%3DSamsung%2Bsmart%2Bwatch%26qid%3D1619355208%26sr%3D8-22-spons%26psc%3D1%26smid%3DA2RB5RBLSB6U1S&qualifier=1619355208&id=2299912490841464&widgetName=sp_btf,4.4 out of 5 stars,Motast,Black,"Fitness Tracker, Weather, Sleep Monitor, Messages, Phone, Blood Pressure Monitor, Alarm, GPS, Pedometer, Camera, Heart Rate Monitor"
"Smart Watch 2021 Ver Watches for Women, Fitness Tracker 1.69"" Touch Screen Smartwatch Fitness Watch Heart Rate Monitor, IP67 Waterproof Pedometer Activity Tracker Sleep Monitor for Android iPhone Pink",49.99,https://www.amazon.com//Watches-Smartwatch-Waterproof-Pedometer-Activity/dp/B08NWT3W25/ref=sr_1_36?dchild=1&keywords=Samsung+smart+watch&qid=1619355382&sr=8-36,4.4 out of 5 stars,Motast,Pink,
"RUNDOING Smart Watch for Men Women,1.54"" Fitness Tracker iP68 Waterproof Watch with Heart Rate Monitor, Calorie Counter,Pedometer Smartwatch Compatible for Android Phones iPhone",39.99,https://www.amazon.com//RUNDOING-Waterproof-Pedometer-Smartwatch-Compatible/dp/B08G19TSFF/ref=sr_1_34?dchild=1&keywords=LETSCOM+smart+watch&qid=1619356058&sr=8-34,3.9 out of 5 stars,RUNDOING,Black-1,
"Samsung Galaxy Active 2 Smartwatch 40mm with Extra Charging Cable, Pink Gold - SM-R830NZDCXAR (Renewed)",153.99,https://www.amazon.com//Samsung-Galaxy-Active-Smartwatch-Charging/dp/B081KB7T99/ref=sr_1_6?dchild=1&keywords=Samsung+smart+watch&qid=1619355208&sr=8-6,4.7 out of 5 stars,SAMSUNG,Pink Gold,Heart Rate Monitor
"SAMSUNG Galaxy Watch Active (40MM, GPS, Bluetooth ) Smart Watch with Fitness Tracking, and Sleep Analysis - Black (US Version)",149,https://www.amazon.com//Samsung-Galaxy-Watch-Active-Black/dp/B07NFL4VWW/ref=sr_1_8?dchild=1&keywords=Samsung+smart+watch&qid=1619355208&sr=8-8,4.6 out of 5 stars,SAMSUNG,Black,"Fitness Tracker, Email, Phone, Calendar, Pedometer"
"Samsung Galaxy Watch Active2 (Silicon Strap + Aluminum Bezel) Bluetooth - International (Aqua Black, R830-40mm)",194.99,https://www.amazon.com//Samsung-Active2-Silicon-Aluminum-Bluetooth/dp/B07YNQP54K/ref=sr_1_19?dchild=1&keywords=Samsung+smart+watch&qid=1619355208&sr=8-19,4.6 out of 5 stars,SAMSUNG,Aqua Black,"Fitness Tracker, Heart Rate Monitor"
Samsung Galaxy Watch GPS & Bluetooth w/ 42mm Black Case & Black Rubber Band,199.97,https://www.amazon.com//Samsung-Smartwatch-Bluetooth-Compatible-SM-R810/dp/B07GQ5PN5V/ref=sr_1_19?dchild=1&keywords=Samsung+smart+watch&qid=1619355298&sr=8-19,4.6 out of 5 stars,SAMSUNG,Midnight Black,"GPS, Heart Rate Monitor"
"Samsung Galaxy Tab A 8.0"" (2019, WiFi Only) 32GB, 5100mAh Battery, Dual Speaker, SM-T290, International Model (Black)",122.89,https://www.amazon.com//Samsung-5100mAh-Battery-SM-T290-International/dp/B07XJZ7VQD/ref=sr_1_38?dchild=1&keywords=Samsung+smart+watch&qid=1619355382&sr=8-38,4.6 out of 5 stars,SAMSUNG,Black,
Samsung Galaxy Fit 2 Bluetooth Fitness Tracking Smart Band (Red),46,https://www.amazon.com//Samsung-Galaxy-Bluetooth-Fitness-Tracking/dp/B08P62PNWC/ref=sr_1_15?dchild=1&keywords=Samsung+smart+watch&qid=1619355208&sr=8-15,4.3 out of 5 stars,SAMSUNG,Red,
"SAMSUNG Galaxy Watch 3 (41mm, GPS, Bluetooth) Smart Watch with Advanced Health Monitoring, Fitness Tracking, and Long Lasting Battery - Mystic Silver (US Version)",327.74,https://www.amazon.com//gp/slredirect/picassoRedirect.html/ref=pa_sp_atf_aps_sr_pg1_1?ie=UTF8&adId=A0079816LBS3EUIF9I9Z&url=%2FSamsung-Bluetooth-Advanced-monitoring-Tracking%2Fdp%2FB089DPMDNM%2Fref%3Dsr_1_1_sspa%3Fdchild%3D1%26keywords%3DSamsung%2Bsmart%2Bwatch%26qid%3D1619355208%26sr%3D8-1-spons%26psc%3D1&qualifier=1619355208&id=2299912490841464&widgetName=sp_atf,4.7 out of 5 stars,Samsung Electronics,Silver,"Phone, GPS, Camera, Heart Rate Monitor"
"SAMSUNG Galaxy Watch Active 2 (44mm, GPS, Bluetooth) Smart Watch with Advanced Health Monitoring, Fitness Tracking , and Long Lasting Battery, Aqua BlackÂ  (US Version)",219.99,https://www.amazon.com//gp/slredirect/picassoRedirect.html/ref=pa_sp_atf_aps_sr_pg1_1?ie=UTF8&adId=A09673221CJU1RYJI7HPV&url=%2FSamsung-Enhanced-Tracking-Analysis-Coaching%2Fdp%2FB07VQJ56T3%2Fref%3Dsr_1_2_sspa%3Fdchild%3D1%26keywords%3DSamsung%2Bsmart%2Bwatch%26qid%3D1619355208%26sr%3D8-2-spons%26psc%3D1&qualifier=1619355208&id=2299912490841464&widgetName=sp_atf,4.7 out of 5 stars,Samsung Electronics,Black,"Sleep Monitor, Phone, GPS, Heart Rate Monitor"
"SAMSUNG Galaxy Watch 3 (45mm, GPS, Bluetooth, Unlocked LTE) Smart Watch with Advanced Health Monitoring, Fitness Tracking, and Long Lasting Battery - Mystic Black (US Version)",479.99,https://www.amazon.com//gp/slredirect/picassoRedirect.html/ref=pa_sp_btf_aps_sr_pg2_1?ie=UTF8&adId=A02687412CPYLERUQWL0J&url=%2FSamsung-Bluetooth-Unlocked-Advanced-monitoring%2Fdp%2FB089DQ33QW%2Fref%3Dsr_1_38_sspa%3Fdchild%3D1%26keywords%3DSamsung%2Bsmart%2Bwatch%26qid%3D1619355298%26sr%3D8-38-spons%26psc%3D1&qualifier=1619355298&id=367578645437265&widgetName=sp_btf,4.5 out of 5 stars,Samsung Electronics,Black,"Phone, GPS, Camera, Heart Rate Monitor"
"Smart Watch for Men Women Phone 2020 Version Smartwatch IP68 Waterproof, Bluetooth Fitness Activity Tracker with Step Counter Sleep Tracker Message Reminder, Full Touch Screen Watch for Android iOS",99.99,https://www.amazon.com//gp/slredirect/picassoRedirect.html/ref=pa_sp_mtf_aps_sr_pg2_1?ie=UTF8&adId=A05833452ON1R3OXTDIYG&url=%2FSmartwatch-Waterproof-Bluetooth-Activity-Reminder%2Fdp%2FB08LGRXGG3%2Fref%3Dsr_1_28_sspa%3Fdchild%3D1%26keywords%3DAMAZFIT%2Bsmart%2Bwatch%26qid%3D1619356324%26sr%3D8-28-spons%26psc%3D1&qualifier=1619356324&id=6009463606203063&widgetName=sp_mtf,3.7 out of 5 stars,Sanag,Silvery,"Fitness Tracker, Sleep Monitor, Email, Messages, Phone, GPS, Pedometer"
"Sebay Smart Watch, Fitness Tracker Watch with Bluetooth Heart Rate Monitor, Fitness Tracker Watch, Waterproof Pedometer, Bluetooth Smart Watch for iOS & Android, Smartwatch Pedometer for Men/Women",55.99,https://www.amazon.com//gp/slredirect/picassoRedirect.html/ref=pa_sp_mtf_aps_sr_pg1_1?ie=UTF8&adId=A017437811ENT6G04V0DF&url=%2FUpgraded-Fitness-Compatible-Bluetooth-Smartwatches%2Fdp%2FB08HLQ36NP%2Fref%3Dsr_1_17_sspa%3Fdchild%3D1%26keywords%3DWillful%2Bsmart%2Bwatch%26qid%3D1619354967%26sr%3D8-17-spons%26psc%3D1&qualifier=1619354967&id=6986512141406560&widgetName=sp_mtf,3.8 out of 5 stars,Sebay,T99 Rose,"Fitness Tracker, Heart Rate Monitor, Fitness Tracker, Pedometer"
"SPOREX S3 Smart Watch, Health Focused, Heart Rate & Blood Pressure Monitor, Fitness Tracker, Oxygen Meter, Temperature; Smartwatch for Android Phones &iPhone Compatible; Waterproof; Sport Smartwatch",69.99,https://www.amazon.com//gp/slredirect/picassoRedirect.html/ref=pa_sp_mtf_aps_sr_pg2_1?ie=UTF8&adId=A0678630KL8YOMIN13IO&url=%2FSPOREX-Temperature-Smartwatch-Compatible-Waterproof%2Fdp%2FB08YPDF57Q%2Fref%3Dsr_1_27_sspa%3Fdchild%3D1%26keywords%3DSamsung%2Bsmart%2Bwatch%26qid%3D1619355298%26sr%3D8-27-spons%26psc%3D1&qualifier=1619355298&id=367578645437265&widgetName=sp_mtf,2.9 out of 5 stars,SPOREX,Brown: Leather Band,
"SUINSIST Smart Watch with Call, Fitness Tracker with Sleep Monitor, Activity Tracker with 1.54 Inch Touch HD Screen, IP67 Waterproof Pedometer Smartwatch with Step Monitor, for Android iOS Phones",139.99,https://www.amazon.com//gp/slredirect/picassoRedirect.html/ref=pa_sp_mtf_aps_sr_pg2_1?ie=UTF8&adId=A06954451L8IP0OVRGB9D&url=%2FSUINSIST-Activity-Waterproof-Pedometer-Smartwatch%2Fdp%2FB08R7G4Q6V%2Fref%3Dsr_1_28_sspa%3Fdchild%3D1%26keywords%3DSamsung%2Bsmart%2Bwatch%26qid%3D1619355298%26sr%3D8-28-spons%26psc%3D1&qualifier=1619355298&id=367578645437265&widgetName=sp_mtf,4.7 out of 5 stars,SUINSIST,BLACK,
"SUINSIST Smart Watch 2021 with Call, Fitness Tracker with Sleep Monitor, Activity Tracker with 1.54 Inch Touch HD Screen, IP67 Waterproof Pedometer Smartwatch with Step Monitor, for Android iOS Phones",129.99,https://www.amazon.com//SUINSIST-Activity-Waterproof-Pedometer-Smartwatch/dp/B08R7GX1GB/ref=sr_1_36?dchild=1&keywords=Samsung+smart+watch&qid=1619355298&sr=8-36,,SUINSIST,Black,
SUUNTO 7 GPS Sports Smart Watch,399,https://www.amazon.com//gp/slredirect/picassoRedirect.html/ref=pa_sp_atf_next_aps_sr_pg2_1?ie=UTF8&adId=A016032739V5S2717OUQF&url=%2FSuunto-Sport-Smartwatch-Wear-Google%2Fdp%2FB083BXV2JH%2Fref%3Dsr_1_18_sspa%3Fdchild%3D1%26keywords%3DGarmin%2Bsmart%2Bwatch%26qid%3D1619355578%26sr%3D8-18-spons%26psc%3D1&qualifier=1619355578&id=7411323662989316&widgetName=sp_atf_next,4.1 out of 5 stars,SUUNTO,Black/Lime,"Weather, Reminders, Phone, Calendar, GPS, Heart Rate Monitor"
Ticwatch S2 Waterproof Smartwatch with Build-in GPS 24h Heart Rate Monitor Wear OS by Google Compatible with Android and iOS-Midnight,152.99,https://www.amazon.com//Ticwatch-Waterproof-Smartwatch-Compatible-iOS-Midnight/dp/B0834NTMTZ/ref=sr_1_29?dchild=1&keywords=AMAZFIT+smart+watch&qid=1619356324&sr=8-29,4.1 out of 5 stars,Ticwatch,Midnight-S2,GPS
"TicWatch GTX Fitness Smartwatch, Up to 10 Days Battery Life, Heart Rate Monitoring, Sleep Tracking, IP68 Swimming Waterproof Smart Watch",59.99,https://www.amazon.com//TicWatch-Smartwatch-Monitoring-Tracking-Waterproof/dp/B08DRD45V2/ref=sr_1_33?dchild=1&keywords=AMAZFIT+smart+watch&qid=1619356324&sr=8-33,3.5 out of 5 stars,Ticwatch,Black,"Fitness Tracker, Sleep Monitor, Heart Rate Monitor"
"Tinwoo Smart Watch for Men, Support Wireless Charging, Bluetooth Fitness Tracker with Heart Rate Monitor, Smartwatch for Android Phones Compatible with iPhone Samsung",50.99,https://www.amazon.com//Tinwoo-Wireless-Bluetooth-Smartwatch-Compatible/dp/B08BF8DFC7/ref=sr_1_30?dchild=1&keywords=Fitbit+smart+watch&qid=1619355825&sr=8-30,4.2 out of 5 stars,Tinwoo,Gray Black,"GPS, Heart Rate Monitor"
"tugamobi Smart Band SB501 - Fitness Tracker, Touch Screen,Tracker with Heart Rate Monitor,5 ATM Waterproof Smart Fitness Band with Step Tracker,Calorie Counter,Alarm Clock,14 Modes (Red)",26.5,https://www.amazon.com//tugamobi-Smart-Band-SB501-Waterproof/dp/B07WC2X7FW/ref=sr_1_20?dchild=1&keywords=LETSCOM+smart+watch&qid=1619356058&sr=8-20,4.3 out of 5 stars,Tugamobi,,Heart Rate Monitor
"UMIDIGI Smart Watch for Android Phones Compatible with iPhone Samsung, Fitness Tracker with Heart Rate Monitor, 5ATM Waterproof Watch for Women Men, 1.3"" Touch Screen and Personalized Watch Faces",33.99,https://www.amazon.com//UMIDIGI-Android-Compatible-Waterproof-Personalized/dp/B08KXVLT4H/ref=sr_1_16?dchild=1&keywords=LETSCOM+smart+watch&qid=1619355957&sr=8-16,4.2 out of 5 stars,UMIDIGI,Rose Gold,"Fitness Tracker, Weather, Sleep Monitor, Find My Phone, Reminders, Email, Messages, Phone, Alarm, Calendar, Pedometer, Heart Rate Monitor"
"UMIDIGI Smart Watch for Android Phones Compatible with Samsung iPhone, Sleep Tracker Waterproof Smartwatch with Heart Rate Monitor, Fitness Tracker for Women and Men-Uwatch 2S (Rose Gold)",33.99,https://www.amazon.com//UMIDIGI-Uwatch-2S-Waterproof-Smartwatch/dp/B08DCSNDRD/ref=sr_1_21?dchild=1&keywords=LETSCOM+smart+watch&qid=1619355957&sr=8-21,4.1 out of 5 stars,UMIDIGI,Rose Gold,"Fitness Tracker, Sleep Monitor, Pedometer, Heart Rate Monitor"
"Smart Watch, Virmee VT3 Lite Fitness Tracker Compatible with iPhone Android Phones, with Customizable Watch Faces, Heart Rate Monitor Sleep Tracker Step Counter IP68 Waterproof Fitness Watch Men Women",35.99,https://www.amazon.com//Virmee-VT3-Lite-Compatible-Customizable/dp/B08P33WNX2/ref=sr_1_22?dchild=1&keywords=Willful+smart+watch&qid=1619355161&sr=8-22,4.6 out of 5 stars,Virmee,Black,"Fitness Tracker, Sleep Monitor, Reminders, Phone, Alarm, Pedometer, Heart Rate Monitor"
"Smart Watch, Virmee VT3 Plus Fitness Tracker 1.5 In HD Touch Screen with Heart Rate Monitor Blood Oxygen Meter Sleep Step Tracking, IP68 Waterproof Smartwatch Compatible with iOS Android for Men Women",59.99,https://www.amazon.com//Virmee-Tracking-Waterproof-Smartwatch-Compatible/dp/B08H84NGZL/ref=sr_1_19?dchild=1&keywords=LETSCOM+smart+watch&qid=1619355957&sr=8-19,4.5 out of 5 stars,Virmee,Black,"Fitness Tracker, Sleep Monitor, Phone, Alarm, Calendar, Camera, Heart Rate Monitor"
"WHENOW Fitness Tracker Smart Watch for Android & iOS Phones, Smartwatch with Heart Rate, Blood Pressure Monitor & Sleep Tracking, Long Lasting Battery & IP68 Swimming Waterproof Watch for Men Women",39.99,https://www.amazon.com//gp/slredirect/picassoRedirect.html/ref=pa_sp_atf_next_aps_sr_pg2_1?ie=UTF8&adId=A0224925102V2SPF8IU&url=%2FWHENOW-Smartwatch-Pressure-Tracking-Waterproof%2Fdp%2FB08TWQ7BD8%2Fref%3Dsr_1_18_sspa%3Fdchild%3D1%26keywords%3DLETSCOM%2Bsmart%2Bwatch%26qid%3D1619356058%26sr%3D8-18-spons%26psc%3D1&qualifier=1619356058&id=5090118737998789&widgetName=sp_atf_next,5.0 out of 5 stars,WHENOW,Black,
"Willful Smart Watch, Watches for Men Women IP68 Waterproof Fitness Tracker Heart Rate Monitor with Steps Calories Counter Sleep Tracker, Smartwatch Compatible with iPhone and Android Phones",31.99,https://www.amazon.com//Willful-Smartwatch-Pedometer-Waterproof-Notifications/dp/B08G8RC2GF/ref=sr_1_4?dchild=1&keywords=Willful+smart+watch&qid=1619354967&sr=8-4,4.5 out of 5 stars,Willful,Pink,"Fitness Tracker, Sleep Monitor, Messages, Phone, Pedometer, Heart Rate Monitor"
"Willful Smart Watch for Android Phones and iOS Phones Compatible iPhone Samsung, IP68 Swimming Waterproof Smartwatch Fitness Tracker Fitness Watch Heart Rate Monitor Smart Watches for Men Women Black",35.99,https://www.amazon.com//gp/slredirect/picassoRedirect.html/ref=pa_sp_atf_aps_sr_pg1_1?ie=UTF8&adId=A10078501JQ689473PTEK&url=%2FWillful-Compatible-Swimming-Waterproof-Smartwatch%2Fdp%2FB07YWRXVP6%2Fref%3Dsr_1_1_sspa%3Fdchild%3D1%26keywords%3DWillful%2Bsmart%2Bwatch%26qid%3D1619354967%26sr%3D8-1-spons%26psc%3D1%26smid%3DA301T5E1MGKB7A&qualifier=1619354967&id=6986512141406560&widgetName=sp_atf,4.3 out of 5 stars,Willful,Black,"Fitness Tracker, Sleep Monitor, Find My Phone, Phone, Alarm, Calendar, GPS, Heart Rate Monitor"
"Willful Smart Watch for Android Phones and iOS Phones Compatible iPhone Samsung, IP68 Swimming Waterproof Smartwatch Fitness Tracker Fitness Watch Heart Rate Monitor Watches for Women (Dark Purple)",35.99,https://www.amazon.com//gp/slredirect/picassoRedirect.html/ref=pa_sp_atf_next_aps_sr_pg2_1?ie=UTF8&adId=A0026305FY2J51QLW05T&url=%2FWillful-Compatible-Swimming-Waterproof-Smartwatch%2Fdp%2FB08H23ZYDL%2Fref%3Dsr_1_17_sspa%3Fdchild%3D1%26keywords%3DWillful%2Bsmart%2Bwatch%26qid%3D1619355161%26sr%3D8-17-spons%26psc%3D1%26smid%3DA301T5E1MGKB7A&qualifier=1619355161&id=3397538113894712&widgetName=sp_atf_next,4.3 out of 5 stars,Willful,Dark Purple,Pedometer
"Willful Smart Watch for Men Women IP68 Waterproof, Fitness Tracker Heart Rate Monitor Sport Digital Watch, Smartwatch for Android Phones and iOS Phones Compatible iPhone Samsung",29.99,https://www.amazon.com//gp/slredirect/picassoRedirect.html/ref=pa_sp_atf_aps_sr_pg1_1?ie=UTF8&adId=A02980953EH7MYF8HE2CO&url=%2FWillful-Version-Waterproof-Smartwatch-Compatible%2Fdp%2FB086MZ8JG5%2Fref%3Dsr_1_2_sspa%3Fdchild%3D1%26keywords%3DWillful%2Bsmart%2Bwatch%26qid%3D1619354967%26sr%3D8-2-spons%26psc%3D1%26smid%3DA20683QGSKSZBW&qualifier=1619354967&id=6986512141406560&widgetName=sp_atf,4.2 out of 5 stars,Willful,Black,"Fitness Tracker, Heart Rate Monitor"
Willful Smart Watch for Android Phones Compatible iPhone Samsung IP68 Swimming Waterproof Smartwatch Sports Watch Fitness Tracker Heart Rate Monitor Digital Watch Smart Watches for Men Women (Pink),39.99,https://www.amazon.com//Willful-Compatible-Swimming-Waterproof-Smartwatch/dp/B08BFYFP4Z/ref=sr_1_6?dchild=1&keywords=Willful+smart+watch&qid=1619354967&sr=8-6,4.2 out of 5 stars,Willful,Pink,"Fitness Tracker, Sleep Monitor, Email, Messages, Phone, Alarm, Calendar, GPS, Heart Rate Monitor"
Willful Smart Watch for Android Phones Compatible iPhone Samsung IP68 Swimming Waterproof Smartwatch Sports Watch Fitness Tracker Heart Rate Monitor Digital Watch Smart Watches for Men Women Purple,39.99,https://www.amazon.com//gp/slredirect/picassoRedirect.html/ref=pa_sp_mtf_aps_sr_pg1_1?ie=UTF8&adId=A05386181WRS8KFGY06IB&url=%2FWillful-Compatible-Swimming-Waterproof-Smartwatch%2Fdp%2FB07ZKHCHBH%2Fref%3Dsr_1_7_sspa%3Fdchild%3D1%26keywords%3DWillful%2Bsmart%2Bwatch%26qid%3D1619354967%26sr%3D8-7-spons%26psc%3D1%26smid%3DA301T5E1MGKB7A&qualifier=1619354967&id=6986512141406560&widgetName=sp_mtf,4.2 out of 5 stars,Willful,Purple,"Fitness Tracker, Sleep Monitor, Email, Messages, Phone, Alarm, Calendar, GPS, Heart Rate Monitor"
"Willful Fitness Tracker IP68 Swimming Waterproof, Heart Rate Monitor Fitness Watch Sport Digital Watch with Color Screen Step Counter Sleep Tracker Call SMS SNS Notice, Smart Watch for Men Women Kids",26.99,https://www.amazon.com//Willful-Fitness-Tracker-Waterproof-Pedometer/dp/B07F1SFJ2W/ref=sr_1_9?dchild=1&keywords=Willful+smart+watch&qid=1619354967&sr=8-9,4.2 out of 5 stars,Willful,Black,Heart Rate Monitor
"Willful Fitness Tracker 2020 New Version IP68 Waterproof, Fitness Watch Heart Rate Monitor with Calories/Step Counter Sleep Tracker Stopwatch Health Tracker Fit Watch for Men Women Kids",25.99,https://www.amazon.com//Willful-Fitness-Waterproof-Calories-Stopwatch/dp/B082WTSRH3/ref=sr_1_23?dchild=1&keywords=Willful+smart+watch&qid=1619355161&sr=8-23,4.1 out of 5 stars,Willful,Black,
Willful Fitness Tracker No Bluetooth Simple No App No Phone Required Waterproof Fitness Watch Pedometer Watch with Step Counter Calories Sleep Tracker for Kids Parents Men Women Updated Version,19.99,https://www.amazon.com//Willful-Bluetooth-Waterproof-Pedometer-Calories/dp/B08PKYR6YM/ref=sr_1_13?dchild=1&keywords=Willful+smart+watch&qid=1619354967&sr=8-13,3.9 out of 5 stars,Willful,Black,"Pedometer, Sleep Monitor, Step Counter, Calorie Tracker"
"Xiaomi TWSEJ04LS Redmi Airdots Earphones, Bluetooth, Sweatproof, True Wireless Earbuds, Global Version - Black, Small",19,https://www.amazon.com//Xiaomi-Earphones-Bluetooth-Sweatproof-Wireless/dp/B07TZHNN92/ref=sr_1_25?dchild=1&keywords=AMAZFIT+smart+watch&qid=1619356324&sr=8-25,4.1 out of 5 stars,Xiaomi,Black,
"YAMAY Smart Watch Compatible iPhone and Android Phones IP68 Waterproof, Watches for Men Women Round Smartwatch Fitness Tracker Heart Rate Monitor Digital Watch with Personalized Watch Faces",45.99,https://www.amazon.com//YAMAY-Compatible-Waterproof-Smartwatch-Personalized/dp/B08GZCNYPL/ref=sr_1_16?dchild=1&keywords=Willful+smart+watch&qid=1619354967&sr=8-16,4.3 out of 5 stars,YAMAY,Black,"Fitness Tracker, Sleep Monitor, Messages, Alarm, Heart Rate Monitor"
"YAMAY Smart Watch Fitness Tracker Watches for Men Women, Fitness Watch Heart Rate Monitor IP68 Waterproof Digital Watch with Step Calories Sleep Tracker, Smartwatch Compatible iPhone Android Phones",35.99,https://www.amazon.com//YAMAY-Fitness-Tracker-Waterproof-Compatible/dp/B082LWRW39/ref=sr_1_20?dchild=1&keywords=Willful+smart+watch&qid=1619355161&sr=8-20,4.3 out of 5 stars,YAMAY,Black,"Fitness Tracker, Sleep Monitor, Messages, Alarm, Calendar, GPS, Heart Rate Monitor"
"YAMAY Smart Watch, Watches for Men Women Fitness Tracker Blood Pressure Monitor Blood Oxygen Meter Heart Rate Monitor IP68 Waterproof, Smartwatch Compatible with iPhone Samsung Android Phones (Black)",43.99,https://www.amazon.com//YAMAY-Pressure-Waterproof-Smartwatch-Compatible/dp/B0855JDXGD/ref=sr_1_18?dchild=1&keywords=LETSCOM+smart+watch&qid=1619355957&sr=8-18,4.2 out of 5 stars,YAMAY,Black,"Fitness Tracker, Sleep Monitor, Email, Messages, Blood Pressure Monitor, Alarm, Calendar, Heart Rate Monitor"
"YAMAY Smart Watch for Android Phones Compatible with iPhone Samsung Phones 2021 Ver., Watch for Men Women with 1.69"" HD Large Screen Alexa Built-in, Blood Oxygen & Heart Rate Monitor 5ATM Waterproof",49.99,https://www.amazon.com//gp/slredirect/picassoRedirect.html/ref=pa_sp_atf_next_aps_sr_pg3_1?ie=UTF8&adId=A08406283FWSL2I22OFMV&url=%2FYAMAY-Android-Compatible-Samsung-Waterproof%2Fdp%2FB08XWF472W%2Fref%3Dsr_1_33_sspa%3Fdchild%3D1%26keywords%3DSamsung%2Bsmart%2Bwatch%26qid%3D1619355382%26sr%3D8-33-spons%26psc%3D1&qualifier=1619355382&id=7513552825948063&widgetName=sp_atf_next,,YAMAY,Black,"Weather, Sleep Monitor, Find My Phone, Reminders, Email, Phone, Alarm, Calendar, GPS, Heart Rate Monitor"
"Smart Watch,zhizhi 1.69 Inch Full Touch Screen Smar twatch Waterproof IP68，Fitness Tracker Heart Rate Blood Oxygen Pedometer Information Note Compatible Smart Watch for Android Phones",49.99,https://www.amazon.com//gp/slredirect/picassoRedirect.html/ref=pa_sp_btf_aps_sr_pg1_1?ie=UTF8&adId=A0905276YRYHTZODVHRY&url=%2Fzhizhi-Waterproof-IP68%25EF%25BC%258CFitness-Information-Compatible%2Fdp%2FB08VHW3FCR%2Fref%3Dsr_1_22_sspa%3Fdchild%3D1%26keywords%3DWillful%2Bsmart%2Bwatch%26qid%3D1619354967%26sr%3D8-22-spons%26psc%3D1&qualifier=1619354967&id=6986512141406560&widgetName=sp_btf,4.2 out of 5 stars,Zhizhi,BLACK,
"Smart Watch, Fitness Tracker with 1.57inch Touch Screen, Smartwatch for Men Women Blood Oxygen Meter Heart Rate Sleep Monitor Answer Calls Voice Output Pedometer for iOS iPhone Samsung Android Phones",59.99,https://www.amazon.com//Fitness-1-57inch-Smartwatch-Pedometer-iPhone-Samsung-Android-Phones/dp/B08ND6Y7V8/ref=sr_1_36?dchild=1&keywords=LETSCOM+smart+watch&qid=1619356058&sr=8-36,4.2 out of 5 stars,ZOPROVO,Black,Fitness Tracker
